IndicatorCode,Indicator,ValueType,ParentLocationCode,ParentLocation,Location type,SpatialDimValueCode,Location,Period type,Period,IsLatestYear,Dim1 type,Dim1,Dim1ValueCode,Dim2 type,Dim2,Dim2ValueCode,Dim3 type,Dim3,Dim3ValueCode,DataSourceDimValueCode,DataSource,FactValueNumericPrefix,FactValueNumeric,FactValueUoM,FactValueNumericLowPrefix,FactValueNumericLow,FactValueNumericHighPrefix,FactValueNumericHigh,Value,FactValueTranslationID,FactComments,Language,DateModified
TOTENV_1,Deaths attributable to the environment,numeric,EUR,Europe,Country,AND,Andorra,Year,2012,true,Cause,"Infectious, parasitic, neonatal and nutritional",ENVCAUSE_ENVCAUSE001,,,,,,,,,,0,,,,,,0,,,EN,2016-03-09T05:00:00.000Z
TOTENV_1,Deaths attributable to the environment,numeric,EUR,Europe,Country,MCO,Monaco,Year,2012,true,Cause,"Infectious, parasitic, neonatal and nutritional",ENVCAUSE_ENVCAUSE001,,,,,,,,,,0,,,,,,0,,,EN,2016-03-09T05:00:00.000Z
TOTENV_1,Deaths attributable to the environment,numeric,WPR,Western Pacific,Country,NIU,Niue,Year,2012,true,Cause,"Infectious, parasitic, neonatal and nutritional",ENVCAUSE_ENVCAUSE001,,,,,,,,,,0,,,,,,0,,,EN,2016-03-09T05:00:00.000Z
TOTENV_1,Deaths attributable to the environment,numeric,WPR,Western Pacific,Country,NIU,Niue,Year,2012,true,Cause,Injuries,ENVCAUSE_ENVCAUSE151,,,,,,,,,,0,,,,,,0,,,EN,2016-03-09T05:00:00.000Z
TOTENV_1,Deaths attributable to the environment,numeric,EUR,Europe,Country,SMR,San Marino,Year,2012,true,Cause,"Infectious, parasitic, neonatal and nutritional",ENVCAUSE_ENVCAUSE001,,,,,,,,,,0,,,,,,0,,,EN,2016-03-09T05:00:00.000Z
TOTENV_1,Deaths attributable to the environment,numeric,WPR,Western Pacific,Country,COK,Cook Islands,Year,2012,true,Cause,"Infectious, parasitic, neonatal and nutritional",ENVCAUSE_ENVCAUSE001,,,,,,,,,,1,,,,,,1,,,EN,2016-03-09T05:00:00.000Z
TOTENV_1,Deaths attributable to the environment,numeric,WPR,Western Pacific,Country,NRU,Nauru,Year,2012,true,Cause,"Infectious, parasitic, neonatal and nutritional",ENVCAUSE_ENVCAUSE001,,,,,,,,,,1,,,,,,1,,,EN,2016-03-09T05:00:00.000Z
TOTENV_1,Deaths attributable to the environment,numeric,WPR,Western Pacific,Country,NRU,Nauru,Year,2012,true,Cause,Injuries,ENVCAUSE_ENVCAUSE151,,,,,,,,,,1,,,,,,1,,,EN,2016-03-09T05:00:00.000Z
TOTENV_1,Deaths attributable to the environment,numeric,WPR,Western Pacific,Country,NIU,Niue,Year,2012,true,Cause,Total,ENVCAUSE_ENVCAUSE000,,,,,,,,,,1,,,,,,1,,,EN,2016-03-09T05:00:00.000Z
TOTENV_1,Deaths attributable to the environment,numeric,WPR,Western Pacific,Country,NIU,Niue,Year,2012,true,Cause,Noncommunicable diseases,ENVCAUSE_ENVCAUSE060,,,,,,,,,,1,,,,,,1,,,EN,2016-03-09T05:00:00.000Z
TOTENV_1,Deaths attributable to the environment,numeric,EUR,Europe,Country,MNE,Montenegro,Year,2012,true,Cause,Noncommunicable diseases,ENVCAUSE_ENVCAUSE060,,,,,,,,,,1006,,,,,,1 006,,,EN,2016-03-09T05:00:00.000Z
TOTENV_1,Deaths attributable to the environment,numeric,WPR,Western Pacific,Country,KOR,Republic of Korea,Year,2012,true,Cause,"Infectious, parasitic, neonatal and nutritional",ENVCAUSE_ENVCAUSE001,,,,,,,,,,1018,,,,,,1 018,,,EN,2016-03-09T05:00:00.000Z
TOTENV_1,Deaths attributable to the environment,numeric,AFR,Africa,Country,MUS,Mauritius,Year,2012,true,Cause,Total,ENVCAUSE_ENVCAUSE000,,,,,,,,,,1027,,,,,,1 027,,,EN,2016-03-09T05:00:00.000Z
TOTENV_1,Deaths attributable to the environment,numeric,EUR,Europe,Country,MDA,Republic of Moldova,Year,2012,true,Cause,Injuries,ENVCAUSE_ENVCAUSE151,,,,,,,,,,1029,,,,,,1 029,,,EN,2016-03-09T05:00:00.000Z
TOTENV_1,Deaths attributable to the environment,numeric,EUR,Europe,Country,KGZ,Kyrgyzstan,Year,2012,true,Cause,Injuries,ENVCAUSE_ENVCAUSE151,,,,,,,,,,1034,,,,,,1 034,,,EN,2016-03-09T05:00:00.000Z
TOTENV_1,Deaths attributable to the environment,numeric,AFR,Africa,Country,LSO,Lesotho,Year,2012,true,Cause,Injuries,ENVCAUSE_ENVCAUSE151,,,,,,,,,,1048,,,,,,1 048,,,EN,2016-03-09T05:00:00.000Z
TOTENV_1,Deaths attributable to the environment,numeric,EUR,Europe,Country,MNE,Montenegro,Year,2012,true,Cause,Total,ENVCAUSE_ENVCAUSE000,,,,,,,,,,1077,,,,,,1 077,,,EN,2016-03-09T05:00:00.000Z
TOTENV_1,Deaths attributable to the environment,numeric,EUR,Europe,Country,GRC,Greece,Year,2012,true,Cause,Injuries,ENVCAUSE_ENVCAUSE151,,,,,,,,,,1103,,,,,,1 103,,,EN,2016-03-09T05:00:00.000Z
TOTENV_1,Deaths attributable to the environment,numeric,AFR,Africa,Country,MRT,Mauritania,Year,2012,true,Cause,Injuries,ENVCAUSE_ENVCAUSE151,,,,,,,,,,1106,,,,,,1 106,,,EN,2016-03-09T05:00:00.000Z
TOTENV_1,Deaths attributable to the environment,numeric,EUR,Europe,Country,FRA,France,Year,2012,true,Cause,"Infectious, parasitic, neonatal and nutritional",ENVCAUSE_ENVCAUSE001,,,,,,,,,,1115,,,,,,1 115,,,EN,2016-03-09T05:00:00.000Z
TOTENV_1,Deaths attributable to the environment,numeric,AMR,Americas,Country,GUY,Guyana,Year,2012,true,Cause,Total,ENVCAUSE_ENVCAUSE000,,,,,,,,,,1130,,,,,,1 130,,,EN,2016-03-09T05:00:00.000Z
TOTENV_1,Deaths attributable to the environment,numeric,EMR,Eastern Mediterranean,Country,LBY,Libya,Year,2012,true,Cause,Injuries,ENVCAUSE_ENVCAUSE151,,,,,,,,,,1135,,,,,,1 135,,,EN,2016-03-09T05:00:00.000Z
TOTENV_1,Deaths attributable to the environment,numeric,AFR,Africa,Country,GNQ,Equatorial Guinea,Year,2012,true,Cause,"Infectious, parasitic, neonatal and nutritional",ENVCAUSE_ENVCAUSE001,,,,,,,,,,1153,,,,,,1 153,,,EN,2016-03-09T05:00:00.000Z
TOTENV_1,Deaths attributable to the environment,numeric,EMR,Eastern Mediterranean,Country,JOR,Jordan,Year,2012,true,Cause,Injuries,ENVCAUSE_ENVCAUSE151,,,,,,,,,,1176,,,,,,1 176,,,EN,2016-03-09T05:00:00.000Z
TOTENV_1,Deaths attributable to the environment,numeric,AFR,Africa,Country,NAM,Namibia,Year,2012,true,Cause,Noncommunicable diseases,ENVCAUSE_ENVCAUSE060,,,,,,,,,,1183,,,,,,1 183,,,EN,2016-03-09T05:00:00.000Z
TOTENV_1,Deaths attributable to the environment,numeric,AFR,Africa,Country,LSO,Lesotho,Year,2012,true,Cause,Noncommunicable diseases,ENVCAUSE_ENVCAUSE060,,,,,,,,,,1187,,,,,,1 187,,,EN,2016-03-09T05:00:00.000Z
TOTENV_1,Deaths attributable to the environment,numeric,AMR,Americas,Country,NIC,Nicaragua,Year,2012,true,Cause,Injuries,ENVCAUSE_ENVCAUSE151,,,,,,,,,,1205,,,,,,1 205,,,EN,2016-03-09T05:00:00.000Z
TOTENV_1,Deaths attributable to the environment,numeric,AFR,Africa,Country,GNB,Guinea-Bissau,Year,2012,true,Cause,Noncommunicable diseases,ENVCAUSE_ENVCAUSE060,,,,,,,,,,1208,,,,,,1 208,,,EN,2016-03-09T05:00:00.000Z
TOTENV_1,Deaths attributable to the environment,numeric,EMR,Eastern Mediterranean,Country,KWT,Kuwait,Year,2012,true,Cause,Total,ENVCAUSE_ENVCAUSE000,,,,,,,,,,1229,,,,,,1 229,,,EN,2016-03-09T05:00:00.000Z
TOTENV_1,Deaths attributable to the environment,numeric,AMR,Americas,Country,HND,Honduras,Year,2012,true,Cause,"Infectious, parasitic, neonatal and nutritional",ENVCAUSE_ENVCAUSE001,,,,,,,,,,1242,,,,,,1 242,,,EN,2016-03-09T05:00:00.000Z
TOTENV_1,Deaths attributable to the environment,numeric,EMR,Eastern Mediterranean,Country,SYR,Syrian Arab Republic,Year,2012,true,Cause,"Infectious, parasitic, neonatal and nutritional",ENVCAUSE_ENVCAUSE001,,,,,,,,,,1242,,,,,,1 242,,,EN,2016-03-09T05:00:00.000Z
TOTENV_1,Deaths attributable to the environment,numeric,AFR,Africa,Country,LBR,Liberia,Year,2012,true,Cause,Injuries,ENVCAUSE_ENVCAUSE151,,,,,,,,,,1243,,,,,,1 243,,,EN,2016-03-09T05:00:00.000Z
TOTENV_1,Deaths attributable to the environment,numeric,SEAR,South-East Asia,Country,BTN,Bhutan,Year,2012,true,Cause,Total,ENVCAUSE_ENVCAUSE000,,,,,,,,,,1259,,,,,,1 259,,,EN,2016-03-09T05:00:00.000Z
TOTENV_1,Deaths attributable to the environment,numeric,AFR,Africa,Country,SWZ,Eswatini,Year,2012,true,Cause,"Infectious, parasitic, neonatal and nutritional",ENVCAUSE_ENVCAUSE001,,,,,,,,,,1277,,,,,,1 277,,,EN,2016-03-09T05:00:00.000Z
TOTENV_1,Deaths attributable to the environment,numeric,EUR,Europe,Country,NLD,Netherlands (Kingdom of the),Year,2012,true,Cause,Injuries,ENVCAUSE_ENVCAUSE151,,,,,,,,,,1288,,,,,,1 288,,,EN,2016-03-09T05:00:00.000Z
TOTENV_1,Deaths attributable to the environment,numeric,EMR,Eastern Mediterranean,Country,ARE,United Arab Emirates,Year,2012,true,Cause,Noncommunicable diseases,ENVCAUSE_ENVCAUSE060,,,,,,,,,,1303,,,,,,1 303,,,EN,2016-03-09T05:00:00.000Z
TOTENV_1,Deaths attributable to the environment,numeric,AMR,Americas,Country,TTO,Trinidad and Tobago,Year,2012,true,Cause,Total,ENVCAUSE_ENVCAUSE000,,,,,,,,,,1319,,,,,,1 319,,,EN,2016-03-09T05:00:00.000Z
TOTENV_1,Deaths attributable to the environment,numeric,EUR,Europe,Country,CZE,Czechia,Year,2012,true,Cause,Injuries,ENVCAUSE_ENVCAUSE151,,,,,,,,,,1342,,,,,,1 342,,,EN,2016-03-09T05:00:00.000Z
TOTENV_1,Deaths attributable to the environment,numeric,AFR,Africa,Country,BWA,Botswana,Year,2012,true,Cause,"Infectious, parasitic, neonatal and nutritional",ENVCAUSE_ENVCAUSE001,,,,,,,,,,1352,,,,,,1 352,,,EN,2016-03-09T05:00:00.000Z
TOTENV_1,Deaths attributable to the environment,numeric,EMR,Eastern Mediterranean,Country,DJI,Djibouti,Year,2012,true,Cause,Total,ENVCAUSE_ENVCAUSE000,,,,,,,,,,1409,,,,,,1 409,,,EN,2016-03-09T05:00:00.000Z
TOTENV_1,Deaths attributable to the environment,numeric,WPR,Western Pacific,Country,MYS,Malaysia,Year,2012,true,Cause,"Infectious, parasitic, neonatal and nutritional",ENVCAUSE_ENVCAUSE001,,,,,,,,,,1456,,,,,,1 456,,,EN,2016-03-09T05:00:00.000Z
TOTENV_1,Deaths attributable to the environment,numeric,AMR,Americas,Country,PRY,Paraguay,Year,2012,true,Cause,Injuries,ENVCAUSE_ENVCAUSE151,,,,,,,,,,1460,,,,,,1 460,,,EN,2016-03-09T05:00:00.000Z
TOTENV_1,Deaths attributable to the environment,numeric,EUR,Europe,Country,TJK,Tajikistan,Year,2012,true,Cause,Injuries,ENVCAUSE_ENVCAUSE151,,,,,,,,,,1504,,,,,,1 504,,,EN,2016-03-09T05:00:00.000Z
TOTENV_1,Deaths attributable to the environment,numeric,EUR,Europe,Country,HUN,Hungary,Year,2012,true,Cause,Injuries,ENVCAUSE_ENVCAUSE151,,,,,,,,,,1507,,,,,,1 507,,,EN,2016-03-09T05:00:00.000Z
TOTENV_1,Deaths attributable to the environment,numeric,AFR,Africa,Country,COM,Comoros,Year,2012,true,Cause,Total,ENVCAUSE_ENVCAUSE000,,,,,,,,,,1508,,,,,,1 508,,,EN,2016-03-09T05:00:00.000Z
TOTENV_1,Deaths attributable to the environment,numeric,EUR,Europe,Country,TKM,Turkmenistan,Year,2012,true,Cause,Injuries,ENVCAUSE_ENVCAUSE151,,,,,,,,,,1528,,,,,,1 528,,,EN,2016-03-09T05:00:00.000Z
TOTENV_1,Deaths attributable to the environment,numeric,EUR,Europe,Country,BEL,Belgium,Year,2012,true,Cause,Injuries,ENVCAUSE_ENVCAUSE151,,,,,,,,,,1529,,,,,,1 529,,,EN,2016-03-09T05:00:00.000Z
TOTENV_1,Deaths attributable to the environment,numeric,AMR,Americas,Country,PAN,Panama,Year,2012,true,Cause,Noncommunicable diseases,ENVCAUSE_ENVCAUSE060,,,,,,,,,,1578,,,,,,1 578,,,EN,2016-03-09T05:00:00.000Z
TOTENV_1,Deaths attributable to the environment,numeric,AFR,Africa,Country,COG,Congo,Year,2012,true,Cause,Injuries,ENVCAUSE_ENVCAUSE151,,,,,,,,,,1579,,,,,,1 579,,,EN,2016-03-09T05:00:00.000Z
TOTENV_1,Deaths attributable to the environment,numeric,SEAR,South-East Asia,Country,LKA,Sri Lanka,Year,2012,true,Cause,"Infectious, parasitic, neonatal and nutritional",ENVCAUSE_ENVCAUSE001,,,,,,,,,,1591,,,,,,1 591,,,EN,2016-03-09T05:00:00.000Z
TOTENV_1,Deaths attributable to the environment,numeric,EMR,Eastern Mediterranean,Country,OMN,Oman,Year,2012,true,Cause,Total,ENVCAUSE_ENVCAUSE000,,,,,,,,,,1601,,,,,,1 601,,,EN,2016-03-09T05:00:00.000Z
TOTENV_1,Deaths attributable to the environment,numeric,AFR,Africa,Country,GAB,Gabon,Year,2012,true,Cause,"Infectious, parasitic, neonatal and nutritional",ENVCAUSE_ENVCAUSE001,,,,,,,,,,1603,,,,,,1 603,,,EN,2016-03-09T05:00:00.000Z
TOTENV_1,Deaths attributable to the environment,numeric,EUR,Europe,Country,DEU,Germany,Year,2012,true,Cause,"Infectious, parasitic, neonatal and nutritional",ENVCAUSE_ENVCAUSE001,,,,,,,,,,1630,,,,,,1 630,,,EN,2016-03-09T05:00:00.000Z
TOTENV_1,Deaths attributable to the environment,numeric,SEAR,South-East Asia,Country,TLS,Timor-Leste,Year,2012,true,Cause,Total,ENVCAUSE_ENVCAUSE000,,,,,,,,,,1638,,,,,,1 638,,,EN,2016-03-09T05:00:00.000Z
TOTENV_1,Deaths attributable to the environment,numeric,AMR,Americas,Country,CHL,Chile,Year,2012,true,Cause,Injuries,ENVCAUSE_ENVCAUSE151,,,,,,,,,,1683,,,,,,1 683,,,EN,2016-03-09T05:00:00.000Z
TOTENV_1,Deaths attributable to the environment,numeric,AMR,Americas,Country,ARG,Argentina,Year,2012,true,Cause,"Infectious, parasitic, neonatal and nutritional",ENVCAUSE_ENVCAUSE001,,,,,,,,,,1715,,,,,,1 715,,,EN,2016-03-09T05:00:00.000Z
TOTENV_1,Deaths attributable to the environment,numeric,AMR,Americas,Country,HND,Honduras,Year,2012,true,Cause,Injuries,ENVCAUSE_ENVCAUSE151,,,,,,,,,,1722,,,,,,1 722,,,EN,2016-03-09T05:00:00.000Z
TOTENV_1,Deaths attributable to the environment,numeric,EUR,Europe,Country,EST,Estonia,Year,2012,true,Cause,Noncommunicable diseases,ENVCAUSE_ENVCAUSE060,,,,,,,,,,1756,,,,,,1 756,,,EN,2016-03-09T05:00:00.000Z
TOTENV_1,Deaths attributable to the environment,numeric,SEAR,South-East Asia,Country,IND,India,Year,2012,true,Cause,Noncommunicable diseases,ENVCAUSE_ENVCAUSE060,,,,,,,,,,1763813,,,,,,1 763 813,,,EN,2016-03-09T05:00:00.000Z
TOTENV_1,Deaths attributable to the environment,numeric,EMR,Eastern Mediterranean,Country,TUN,Tunisia,Year,2012,true,Cause,Injuries,ENVCAUSE_ENVCAUSE151,,,,,,,,,,1766,,,,,,1 766,,,EN,2016-03-09T05:00:00.000Z
TOTENV_1,Deaths attributable to the environment,numeric,WPR,Western Pacific,Country,AUS,Australia,Year,2012,true,Cause,Injuries,ENVCAUSE_ENVCAUSE151,,,,,,,,,,1774,,,,,,1 774,,,EN,2016-03-09T05:00:00.000Z
TOTENV_1,Deaths attributable to the environment,numeric,AMR,Americas,Country,PER,Peru,Year,2012,true,Cause,"Infectious, parasitic, neonatal and nutritional",ENVCAUSE_ENVCAUSE001,,,,,,,,,,1800,,,,,,1 800,,,EN,2016-03-09T05:00:00.000Z
TOTENV_1,Deaths attributable to the environment,numeric,WPR,Western Pacific,Country,LAO,Lao People's Democratic Republic,Year,2012,true,Cause,Injuries,ENVCAUSE_ENVCAUSE151,,,,,,,,,,1823,,,,,,1 823,,,EN,2016-03-09T05:00:00.000Z
TOTENV_1,Deaths attributable to the environment,numeric,AFR,Africa,Country,MRT,Mauritania,Year,2012,true,Cause,Noncommunicable diseases,ENVCAUSE_ENVCAUSE060,,,,,,,,,,1858,,,,,,1 858,,,EN,2016-03-09T05:00:00.000Z
TOTENV_1,Deaths attributable to the environment,numeric,AFR,Africa,Country,GMB,Gambia,Year,2012,true,Cause,"Infectious, parasitic, neonatal and nutritional",ENVCAUSE_ENVCAUSE001,,,,,,,,,,1894,,,,,,1 894,,,EN,2016-03-09T05:00:00.000Z
TOTENV_1,Deaths attributable to the environment,numeric,EUR,Europe,Country,EST,Estonia,Year,2012,true,Cause,Total,ENVCAUSE_ENVCAUSE000,,,,,,,,,,1948,,,,,,1 948,,,EN,2016-03-09T05:00:00.000Z
TOTENV_1,Deaths attributable to the environment,numeric,EUR,Europe,Country,UKR,Ukraine,Year,2012,true,Cause,"Infectious, parasitic, neonatal and nutritional",ENVCAUSE_ENVCAUSE001,,,,,,,,,,1966,,,,,,1 966,,,EN,2016-03-09T05:00:00.000Z
TOTENV_1,Deaths attributable to the environment,numeric,AMR,Americas,Country,ATG,Antigua and Barbuda,Year,2012,true,Cause,Injuries,ENVCAUSE_ENVCAUSE151,,,,,,,,,,10,,,,,,10,,,EN,2016-03-09T05:00:00.000Z
TOTENV_1,Deaths attributable to the environment,numeric,AMR,Americas,Country,BHS,Bahamas,Year,2012,true,Cause,"Infectious, parasitic, neonatal and nutritional",ENVCAUSE_ENVCAUSE001,,,,,,,,,,10,,,,,,10,,,EN,2016-03-09T05:00:00.000Z
TOTENV_1,Deaths attributable to the environment,numeric,AMR,Americas,Country,BRB,Barbados,Year,2012,true,Cause,"Infectious, parasitic, neonatal and nutritional",ENVCAUSE_ENVCAUSE001,,,,,,,,,,10,,,,,,10,,,EN,2016-03-09T05:00:00.000Z
TOTENV_1,Deaths attributable to the environment,numeric,WPR,Western Pacific,Country,TON,Tonga,Year,2012,true,Cause,"Infectious, parasitic, neonatal and nutritional",ENVCAUSE_ENVCAUSE001,,,,,,,,,,10,,,,,,10,,,EN,2016-03-09T05:00:00.000Z
TOTENV_1,Deaths attributable to the environment,numeric,AMR,Americas,Country,HTI,Haiti,Year,2012,true,Cause,Noncommunicable diseases,ENVCAUSE_ENVCAUSE060,,,,,,,,,,10065,,,,,,10 065,,,EN,2016-03-09T05:00:00.000Z
TOTENV_1,Deaths attributable to the environment,numeric,AFR,Africa,Country,CIV,Cote d'Ivoire,Year,2012,true,Cause,Injuries,ENVCAUSE_ENVCAUSE151,,,,,,,,,,10077,,,,,,10 077,,,EN,2016-03-09T05:00:00.000Z
TOTENV_1,Deaths attributable to the environment,numeric,EMR,Eastern Mediterranean,Country,EGY,Egypt,Year,2012,true,Cause,Injuries,ENVCAUSE_ENVCAUSE151,,,,,,,,,,10215,,,,,,10 215,,,EN,2016-03-09T05:00:00.000Z
TOTENV_1,Deaths attributable to the environment,numeric,EUR,Europe,Country,AZE,Azerbaijan,Year,2012,true,Cause,Noncommunicable diseases,ENVCAUSE_ENVCAUSE060,,,,,,,,,,10221,,,,,,10 221,,,EN,2016-03-09T05:00:00.000Z
TOTENV_1,Deaths attributable to the environment,numeric,AMR,Americas,Country,CUB,Cuba,Year,2012,true,Cause,Noncommunicable diseases,ENVCAUSE_ENVCAUSE060,,,,,,,,,,10323,,,,,,10 323,,,EN,2016-03-09T05:00:00.000Z
TOTENV_1,Deaths attributable to the environment,numeric,WPR,Western Pacific,Country,PNG,Papua New Guinea,Year,2012,true,Cause,Total,ENVCAUSE_ENVCAUSE000,,,,,,,,,,10356,,,,,,10 356,,,EN,2016-03-09T05:00:00.000Z
TOTENV_1,Deaths attributable to the environment,numeric,AFR,Africa,Country,BFA,Burkina Faso,Year,2012,true,Cause,Noncommunicable diseases,ENVCAUSE_ENVCAUSE060,,,,,,,,,,10480,,,,,,10 480,,,EN,2016-03-09T05:00:00.000Z
TOTENV_1,Deaths attributable to the environment,numeric,EUR,Europe,Country,PRT,Portugal,Year,2012,true,Cause,Total,ENVCAUSE_ENVCAUSE000,,,,,,,,,,10689,,,,,,10 689,,,EN,2016-03-09T05:00:00.000Z
TOTENV_1,Deaths attributable to the environment,numeric,WPR,Western Pacific,Country,VNM,Viet Nam,Year,2012,true,Cause,"Infectious, parasitic, neonatal and nutritional",ENVCAUSE_ENVCAUSE001,,,,,,,,,,10706,,,,,,10 706,,,EN,2016-03-09T05:00:00.000Z
TOTENV_1,Deaths attributable to the environment,numeric,EMR,Eastern Mediterranean,Country,TUN,Tunisia,Year,2012,true,Cause,Total,ENVCAUSE_ENVCAUSE000,,,,,,,,,,10952,,,,,,10 952,,,EN,2016-03-09T05:00:00.000Z
TOTENV_1,Deaths attributable to the environment,numeric,EMR,Eastern Mediterranean,Country,EGY,Egypt,Year,2012,true,Cause,Total,ENVCAUSE_ENVCAUSE000,,,,,,,,,,101806,,,,,,101 806,,,EN,2016-03-09T05:00:00.000Z
TOTENV_1,Deaths attributable to the environment,numeric,AFR,Africa,Country,STP,Sao Tome and Principe,Year,2012,true,Cause,"Infectious, parasitic, neonatal and nutritional",ENVCAUSE_ENVCAUSE001,,,,,,,,,,105,,,,,,105,,,EN,2016-03-09T05:00:00.000Z
TOTENV_1,Deaths attributable to the environment,numeric,AMR,Americas,Country,GRD,Grenada,Year,2012,true,Cause,Total,ENVCAUSE_ENVCAUSE000,,,,,,,,,,106,,,,,,106,,,EN,2016-03-09T05:00:00.000Z
TOTENV_1,Deaths attributable to the environment,numeric,SEAR,South-East Asia,Country,MDV,Maldives,Year,2012,true,Cause,Noncommunicable diseases,ENVCAUSE_ENVCAUSE060,,,,,,,,,,108,,,,,,108,,,EN,2016-03-09T05:00:00.000Z
TOTENV_1,Deaths attributable to the environment,numeric,AMR,Americas,Country,VCT,Saint Vincent and the Grenadines,Year,2012,true,Cause,Total,ENVCAUSE_ENVCAUSE000,,,,,,,,,,108,,,,,,108,,,EN,2016-03-09T05:00:00.000Z
TOTENV_1,Deaths attributable to the environment,numeric,SEAR,South-East Asia,Country,MMR,Myanmar,Year,2012,true,Cause,Total,ENVCAUSE_ENVCAUSE000,,,,,,,,,,109235,,,,,,109 235,,,EN,2016-03-09T05:00:00.000Z
TOTENV_1,Deaths attributable to the environment,numeric,WPR,Western Pacific,Country,JPN,Japan,Year,2012,true,Cause,Noncommunicable diseases,ENVCAUSE_ENVCAUSE060,,,,,,,,,,109401,,,,,,109 401,,,EN,2016-03-09T05:00:00.000Z
TOTENV_1,Deaths attributable to the environment,numeric,EUR,Europe,Country,EST,Estonia,Year,2012,true,Cause,"Infectious, parasitic, neonatal and nutritional",ENVCAUSE_ENVCAUSE001,,,,,,,,,,11,,,,,,11,,,EN,2016-03-09T05:00:00.000Z
TOTENV_1,Deaths attributable to the environment,numeric,WPR,Western Pacific,Country,TUV,Tuvalu,Year,2012,true,Cause,Total,ENVCAUSE_ENVCAUSE000,,,,,,,,,,11,,,,,,11,,,EN,2016-03-09T05:00:00.000Z
TOTENV_1,Deaths attributable to the environment,numeric,WPR,Western Pacific,Country,KHM,Cambodia,Year,2012,true,Cause,Noncommunicable diseases,ENVCAUSE_ENVCAUSE060,,,,,,,,,,11054,,,,,,11 054,,,EN,2016-03-09T05:00:00.000Z
TOTENV_1,Deaths attributable to the environment,numeric,AFR,Africa,Country,COG,Congo,Year,2012,true,Cause,Total,ENVCAUSE_ENVCAUSE000,,,,,,,,,,11078,,,,,,11 078,,,EN,2016-03-09T05:00:00.000Z
TOTENV_1,Deaths attributable to the environment,numeric,AFR,Africa,Country,CAF,Central African Republic,Year,2012,true,Cause,"Infectious, parasitic, neonatal and nutritional",ENVCAUSE_ENVCAUSE001,,,,,,,,,,11093,,,,,,11 093,,,EN,2016-03-09T05:00:00.000Z
TOTENV_1,Deaths attributable to the environment,numeric,AFR,Africa,Country,MLI,Mali,Year,2012,true,Cause,Noncommunicable diseases,ENVCAUSE_ENVCAUSE060,,,,,,,,,,11128,,,,,,11 128,,,EN,2016-03-09T05:00:00.000Z
TOTENV_1,Deaths attributable to the environment,numeric,EUR,Europe,Country,TJK,Tajikistan,Year,2012,true,Cause,Total,ENVCAUSE_ENVCAUSE000,,,,,,,,,,11135,,,,,,11 135,,,EN,2016-03-09T05:00:00.000Z
TOTENV_1,Deaths attributable to the environment,numeric,AMR,Americas,Country,CHL,Chile,Year,2012,true,Cause,Total,ENVCAUSE_ENVCAUSE000,,,,,,,,,,11282,,,,,,11 282,,,EN,2016-03-09T05:00:00.000Z
TOTENV_1,Deaths attributable to the environment,numeric,EUR,Europe,Country,TKM,Turkmenistan,Year,2012,true,Cause,Total,ENVCAUSE_ENVCAUSE000,,,,,,,,,,11415,,,,,,11 415,,,EN,2016-03-09T05:00:00.000Z
TOTENV_1,Deaths attributable to the environment,numeric,EUR,Europe,Country,BEL,Belgium,Year,2012,true,Cause,Noncommunicable diseases,ENVCAUSE_ENVCAUSE060,,,,,,,,,,11560,,,,,,11 560,,,EN,2016-03-09T05:00:00.000Z
TOTENV_1,Deaths attributable to the environment,numeric,EUR,Europe,Country,GEO,Georgia,Year,2012,true,Cause,Noncommunicable diseases,ENVCAUSE_ENVCAUSE060,,,,,,,,,,11660,,,,,,11 660,,,EN,2016-03-09T05:00:00.000Z
TOTENV_1,Deaths attributable to the environment,numeric,AFR,Africa,Country,SEN,Senegal,Year,2012,true,Cause,"Infectious, parasitic, neonatal and nutritional",ENVCAUSE_ENVCAUSE001,,,,,,,,,,11730,,,,,,11 730,,,EN,2016-03-09T05:00:00.000Z
TOTENV_1,Deaths attributable to the environment,numeric,AFR,Africa,Country,BEN,Benin,Year,2012,true,Cause,"Infectious, parasitic, neonatal and nutritional",ENVCAUSE_ENVCAUSE001,,,,,,,,,,11815,,,,,,11 815,,,EN,2016-03-09T05:00:00.000Z
TOTENV_1,Deaths attributable to the environment,numeric,AFR,Africa,Country,AGO,Angola,Year,2012,true,Cause,Noncommunicable diseases,ENVCAUSE_ENVCAUSE060,,,,,,,,,,11952,,,,,,11 952,,,EN,2016-03-09T05:00:00.000Z
TOTENV_1,Deaths attributable to the environment,numeric,AMR,Americas,Country,SUR,Suriname,Year,2012,true,Cause,Injuries,ENVCAUSE_ENVCAUSE151,,,,,,,,,,113,,,,,,113,,,EN,2016-03-09T05:00:00.000Z
TOTENV_1,Deaths attributable to the environment,numeric,SEAR,South-East Asia,Country,BGD,Bangladesh,Year,2012,true,Cause,Noncommunicable diseases,ENVCAUSE_ENVCAUSE060,,,,,,,,,,113704,,,,,,113 704,,,EN,2016-03-09T05:00:00.000Z
TOTENV_1,Deaths attributable to the environment,numeric,AMR,Americas,Country,CRI,Costa Rica,Year,2012,true,Cause,"Infectious, parasitic, neonatal and nutritional",ENVCAUSE_ENVCAUSE001,,,,,,,,,,116,,,,,,116,,,EN,2016-03-09T05:00:00.000Z
TOTENV_1,Deaths attributable to the environment,numeric,EMR,Eastern Mediterranean,Country,PAK,Pakistan,Year,2012,true,Cause,"Infectious, parasitic, neonatal and nutritional",ENVCAUSE_ENVCAUSE001,,,,,,,,,,117630,,,,,,117 630,,,EN,2016-03-09T05:00:00.000Z
TOTENV_1,Deaths attributable to the environment,numeric,EUR,Europe,Country,SVN,Slovenia,Year,2012,true,Cause,"Infectious, parasitic, neonatal and nutritional",ENVCAUSE_ENVCAUSE001,,,,,,,,,,12,,,,,,12,,,EN,2016-03-09T05:00:00.000Z
TOTENV_1,Deaths attributable to the environment,numeric,EUR,Europe,Country,AZE,Azerbaijan,Year,2012,true,Cause,Total,ENVCAUSE_ENVCAUSE000,,,,,,,,,,12040,,,,,,12 040,,,EN,2016-03-09T05:00:00.000Z
TOTENV_1,Deaths attributable to the environment,numeric,EUR,Europe,Country,UKR,Ukraine,Year,2012,true,Cause,Injuries,ENVCAUSE_ENVCAUSE151,,,,,,,,,,12228,,,,,,12 228,,,EN,2016-03-09T05:00:00.000Z
TOTENV_1,Deaths attributable to the environment,numeric,EUR,Europe,Country,GEO,Georgia,Year,2012,true,Cause,Total,ENVCAUSE_ENVCAUSE000,,,,,,,,,,12362,,,,,,12 362,,,EN,2016-03-09T05:00:00.000Z
TOTENV_1,Deaths attributable to the environment,numeric,AFR,Africa,Country,MOZ,Mozambique,Year,2012,true,Cause,Noncommunicable diseases,ENVCAUSE_ENVCAUSE060,,,,,,,,,,12524,,,,,,12 524,,,EN,2016-03-09T05:00:00.000Z
TOTENV_1,Deaths attributable to the environment,numeric,AFR,Africa,Country,CMR,Cameroon,Year,2012,true,Cause,Noncommunicable diseases,ENVCAUSE_ENVCAUSE060,,,,,,,,,,12809,,,,,,12 809,,,EN,2016-03-09T05:00:00.000Z
TOTENV_1,Deaths attributable to the environment,numeric,AMR,Americas,Country,ECU,Ecuador,Year,2012,true,Cause,Total,ENVCAUSE_ENVCAUSE000,,,,,,,,,,12825,,,,,,12 825,,,EN,2016-03-09T05:00:00.000Z
TOTENV_1,Deaths attributable to the environment,numeric,AMR,Americas,Country,CUB,Cuba,Year,2012,true,Cause,Total,ENVCAUSE_ENVCAUSE000,,,,,,,,,,12931,,,,,,12 931,,,EN,2016-03-09T05:00:00.000Z
TOTENV_1,Deaths attributable to the environment,numeric,EUR,Europe,Country,BGR,Bulgaria,Year,2012,true,Cause,"Infectious, parasitic, neonatal and nutritional",ENVCAUSE_ENVCAUSE001,,,,,,,,,,120,,,,,,120,,,EN,2016-03-09T05:00:00.000Z
TOTENV_1,Deaths attributable to the environment,numeric,WPR,Western Pacific,Country,KIR,Kiribati,Year,2012,true,Cause,Total,ENVCAUSE_ENVCAUSE000,,,,,,,,,,121,,,,,,121,,,EN,2016-03-09T05:00:00.000Z
TOTENV_1,Deaths attributable to the environment,numeric,EUR,Europe,Country,UKR,Ukraine,Year,2012,true,Cause,Noncommunicable diseases,ENVCAUSE_ENVCAUSE060,,,,,,,,,,121104,,,,,,121 104,,,EN,2016-03-09T05:00:00.000Z
TOTENV_1,Deaths attributable to the environment,numeric,WPR,Western Pacific,Country,PHL,Philippines,Year,2012,true,Cause,Total,ENVCAUSE_ENVCAUSE000,,,,,,,,,,123459,,,,,,123 459,,,EN,2016-03-09T05:00:00.000Z
TOTENV_1,Deaths attributable to the environment,numeric,EUR,Europe,Country,ARM,Armenia,Year,2012,true,Cause,"Infectious, parasitic, neonatal and nutritional",ENVCAUSE_ENVCAUSE001,,,,,,,,,,124,,,,,,124,,,EN,2016-03-09T05:00:00.000Z
TOTENV_1,Deaths attributable to the environment,numeric,WPR,Western Pacific,Country,BRN,Brunei Darussalam,Year,2012,true,Cause,Noncommunicable diseases,ENVCAUSE_ENVCAUSE060,,,,,,,,,,125,,,,,,125,,,EN,2016-03-09T05:00:00.000Z
TOTENV_1,Deaths attributable to the environment,numeric,AMR,Americas,Country,BRA,Brazil,Year,2012,true,Cause,Noncommunicable diseases,ENVCAUSE_ENVCAUSE060,,,,,,,,,,128381,,,,,,128 381,,,EN,2016-03-09T05:00:00.000Z
TOTENV_1,Deaths attributable to the environment,numeric,WPR,Western Pacific,Country,VNM,Viet Nam,Year,2012,true,Cause,Total,ENVCAUSE_ENVCAUSE000,,,,,,,,,,129271,,,,,,129 271,,,EN,2016-03-09T05:00:00.000Z
TOTENV_1,Deaths attributable to the environment,numeric,WPR,Western Pacific,Country,COK,Cook Islands,Year,2012,true,Cause,Total,ENVCAUSE_ENVCAUSE000,,,,,,,,,,13,,,,,,13,,,EN,2016-03-09T05:00:00.000Z
TOTENV_1,Deaths attributable to the environment,numeric,AMR,Americas,Country,DMA,Dominica,Year,2012,true,Cause,Injuries,ENVCAUSE_ENVCAUSE151,,,,,,,,,,13,,,,,,13,,,EN,2016-03-09T05:00:00.000Z
TOTENV_1,Deaths attributable to the environment,numeric,AFR,Africa,Country,SYC,Seychelles,Year,2012,true,Cause,"Infectious, parasitic, neonatal and nutritional",ENVCAUSE_ENVCAUSE001,,,,,,,,,,13,,,,,,13,,,EN,2016-03-09T05:00:00.000Z
TOTENV_1,Deaths attributable to the environment,numeric,WPR,Western Pacific,Country,AUS,Australia,Year,2012,true,Cause,Noncommunicable diseases,ENVCAUSE_ENVCAUSE060,,,,,,,,,,13063,,,,,,13 063,,,EN,2016-03-09T05:00:00.000Z
TOTENV_1,Deaths attributable to the environment,numeric,EMR,Eastern Mediterranean,Country,AFG,Afghanistan,Year,2012,true,Cause,Injuries,ENVCAUSE_ENVCAUSE151,,,,,,,,,,13086,,,,,,13 086,,,EN,2016-03-09T05:00:00.000Z
TOTENV_1,Deaths attributable to the environment,numeric,AMR,Americas,Country,BOL,Bolivia (Plurinational State of),Year,2012,true,Cause,Total,ENVCAUSE_ENVCAUSE000,,,,,,,,,,13222,,,,,,13 222,,,EN,2016-03-09T05:00:00.000Z
TOTENV_1,Deaths attributable to the environment,numeric,EUR,Europe,Country,BEL,Belgium,Year,2012,true,Cause,Total,ENVCAUSE_ENVCAUSE000,,,,,,,,,,13286,,,,,,13 286,,,EN,2016-03-09T05:00:00.000Z
TOTENV_1,Deaths attributable to the environment,numeric,EMR,Eastern Mediterranean,Country,SYR,Syrian Arab Republic,Year,2012,true,Cause,Noncommunicable diseases,ENVCAUSE_ENVCAUSE060,,,,,,,,,,13440,,,,,,13 440,,,EN,2016-03-09T05:00:00.000Z
TOTENV_1,Deaths attributable to the environment,numeric,AFR,Africa,Country,AGO,Angola,Year,2012,true,Cause,Injuries,ENVCAUSE_ENVCAUSE151,,,,,,,,,,13502,,,,,,13 502,,,EN,2016-03-09T05:00:00.000Z
TOTENV_1,Deaths attributable to the environment,numeric,AFR,Africa,Country,ZWE,Zimbabwe,Year,2012,true,Cause,"Infectious, parasitic, neonatal and nutritional",ENVCAUSE_ENVCAUSE001,,,,,,,,,,13869,,,,,,13 869,,,EN,2016-03-09T05:00:00.000Z
TOTENV_1,Deaths attributable to the environment,numeric,AMR,Americas,Country,GTM,Guatemala,Year,2012,true,Cause,Total,ENVCAUSE_ENVCAUSE000,,,,,,,,,,13913,,,,,,13 913,,,EN,2016-03-09T05:00:00.000Z
TOTENV_1,Deaths attributable to the environment,numeric,WPR,Western Pacific,Country,JPN,Japan,Year,2012,true,Cause,Total,ENVCAUSE_ENVCAUSE000,,,,,,,,,,131278,,,,,,131 278,,,EN,2016-03-09T05:00:00.000Z
TOTENV_1,Deaths attributable to the environment,numeric,EUR,Europe,Country,UKR,Ukraine,Year,2012,true,Cause,Total,ENVCAUSE_ENVCAUSE000,,,,,,,,,,135298,,,,,,135 298,,,EN,2016-03-09T05:00:00.000Z
TOTENV_1,Deaths attributable to the environment,numeric,EUR,Europe,Country,SRB,Serbia,Year,2012,true,Cause,"Infectious, parasitic, neonatal and nutritional",ENVCAUSE_ENVCAUSE001,,,,,,,,,,139,,,,,,139,,,EN,2016-03-09T05:00:00.000Z
TOTENV_1,Deaths attributable to the environment,numeric,WPR,Western Pacific,Country,PLW,Palau,Year,2012,true,Cause,Total,ENVCAUSE_ENVCAUSE000,,,,,,,,,,14,,,,,,14,,,EN,2016-03-09T05:00:00.000Z
TOTENV_1,Deaths attributable to the environment,numeric,AMR,Americas,Country,PER,Peru,Year,2012,true,Cause,Noncommunicable diseases,ENVCAUSE_ENVCAUSE060,,,,,,,,,,14027,,,,,,14 027,,,EN,2016-03-09T05:00:00.000Z
TOTENV_1,Deaths attributable to the environment,numeric,EMR,Eastern Mediterranean,Country,SAU,Saudi Arabia,Year,2012,true,Cause,Noncommunicable diseases,ENVCAUSE_ENVCAUSE060,,,,,,,,,,14242,,,,,,14 242,,,EN,2016-03-09T05:00:00.000Z
TOTENV_1,Deaths attributable to the environment,numeric,EUR,Europe,Country,CZE,Czechia,Year,2012,true,Cause,Noncommunicable diseases,ENVCAUSE_ENVCAUSE060,,,,,,,,,,14306,,,,,,14 306,,,EN,2016-03-09T05:00:00.000Z
TOTENV_1,Deaths attributable to the environment,numeric,EMR,Eastern Mediterranean,Country,YEM,Yemen,Year,2012,true,Cause,Noncommunicable diseases,ENVCAUSE_ENVCAUSE060,,,,,,,,,,14405,,,,,,14 405,,,EN,2016-03-09T05:00:00.000Z
TOTENV_1,Deaths attributable to the environment,numeric,AFR,Africa,Country,CIV,Cote d'Ivoire,Year,2012,true,Cause,Noncommunicable diseases,ENVCAUSE_ENVCAUSE060,,,,,,,,,,14589,,,,,,14 589,,,EN,2016-03-09T05:00:00.000Z
TOTENV_1,Deaths attributable to the environment,numeric,AMR,Americas,Country,VEN,Venezuela (Bolivarian Republic of),Year,2012,true,Cause,Noncommunicable diseases,ENVCAUSE_ENVCAUSE060,,,,,,,,,,14637,,,,,,14 637,,,EN,2016-03-09T05:00:00.000Z
TOTENV_1,Deaths attributable to the environment,numeric,EUR,Europe,Country,NLD,Netherlands (Kingdom of the),Year,2012,true,Cause,Noncommunicable diseases,ENVCAUSE_ENVCAUSE060,,,,,,,,,,14655,,,,,,14 655,,,EN,2016-03-09T05:00:00.000Z
TOTENV_1,Deaths attributable to the environment,numeric,WPR,Western Pacific,Country,LAO,Lao People's Democratic Republic,Year,2012,true,Cause,Total,ENVCAUSE_ENVCAUSE000,,,,,,,,,,14911,,,,,,14 911,,,EN,2016-03-09T05:00:00.000Z
TOTENV_1,Deaths attributable to the environment,numeric,WPR,Western Pacific,Country,SLB,Solomon Islands,Year,2012,true,Cause,Injuries,ENVCAUSE_ENVCAUSE151,,,,,,,,,,141,,,,,,141,,,EN,2016-03-09T05:00:00.000Z
TOTENV_1,Deaths attributable to the environment,numeric,EUR,Europe,Country,MDA,Republic of Moldova,Year,2012,true,Cause,"Infectious, parasitic, neonatal and nutritional",ENVCAUSE_ENVCAUSE001,,,,,,,,,,147,,,,,,147,,,EN,2016-03-09T05:00:00.000Z
TOTENV_1,Deaths attributable to the environment,numeric,AMR,Americas,Country,BHS,Bahamas,Year,2012,true,Cause,Noncommunicable diseases,ENVCAUSE_ENVCAUSE060,,,,,,,,,,148,,,,,,148,,,EN,2016-03-09T05:00:00.000Z
TOTENV_1,Deaths attributable to the environment,numeric,AMR,Americas,Country,LCA,Saint Lucia,Year,2012,true,Cause,Noncommunicable diseases,ENVCAUSE_ENVCAUSE060,,,,,,,,,,149,,,,,,149,,,EN,2016-03-09T05:00:00.000Z
TOTENV_1,Deaths attributable to the environment,numeric,WPR,Western Pacific,Country,AUS,Australia,Year,2012,true,Cause,Total,ENVCAUSE_ENVCAUSE000,,,,,,,,,,15061,,,,,,15 061,,,EN,2016-03-09T05:00:00.000Z
TOTENV_1,Deaths attributable to the environment,numeric,AFR,Africa,Country,TGO,Togo,Year,2012,true,Cause,Total,ENVCAUSE_ENVCAUSE000,,,,,,,,,,15447,,,,,,15 447,,,EN,2016-03-09T05:00:00.000Z
TOTENV_1,Deaths attributable to the environment,numeric,AFR,Africa,Country,MOZ,Mozambique,Year,2012,true,Cause,Injuries,ENVCAUSE_ENVCAUSE151,,,,,,,,,,15597,,,,,,15 597,,,EN,2016-03-09T05:00:00.000Z
TOTENV_1,Deaths attributable to the environment,numeric,AFR,Africa,Country,SLE,Sierra Leone,Year,2012,true,Cause,"Infectious, parasitic, neonatal and nutritional",ENVCAUSE_ENVCAUSE001,,,,,,,,,,15639,,,,,,15 639,,,EN,2016-03-09T05:00:00.000Z
TOTENV_1,Deaths attributable to the environment,numeric,EUR,Europe,Country,CZE,Czechia,Year,2012,true,Cause,Total,ENVCAUSE_ENVCAUSE000,,,,,,,,,,15802,,,,,,15 802,,,EN,2016-03-09T05:00:00.000Z
TOTENV_1,Deaths attributable to the environment,numeric,AFR,Africa,Country,MDG,Madagascar,Year,2012,true,Cause,Noncommunicable diseases,ENVCAUSE_ENVCAUSE060,,,,,,,,,,15908,,,,,,15 908,,,EN,2016-03-09T05:00:00.000Z
TOTENV_1,Deaths attributable to the environment,numeric,EMR,Eastern Mediterranean,Country,PAK,Pakistan,Year,2012,true,Cause,Noncommunicable diseases,ENVCAUSE_ENVCAUSE060,,,,,,,,,,151153,,,,,,151 153,,,EN,2016-03-09T05:00:00.000Z
TOTENV_1,Deaths attributable to the environment,numeric,AFR,Africa,Country,ETH,Ethiopia,Year,2012,true,Cause,Total,ENVCAUSE_ENVCAUSE000,,,,,,,,,,151549,,,,,,151 549,,,EN,2016-03-09T05:00:00.000Z
TOTENV_1,Deaths attributable to the environment,numeric,EUR,Europe,Country,BLR,Belarus,Year,2012,true,Cause,"Infectious, parasitic, neonatal and nutritional",ENVCAUSE_ENVCAUSE001,,,,,,,,,,154,,,,,,154,,,EN,2016-03-09T05:00:00.000Z
TOTENV_1,Deaths attributable to the environment,numeric,EUR,Europe,Country,CZE,Czechia,Year,2012,true,Cause,"Infectious, parasitic, neonatal and nutritional",ENVCAUSE_ENVCAUSE001,,,,,,,,,,154,,,,,,154,,,EN,2016-03-09T05:00:00.000Z
TOTENV_1,Deaths attributable to the environment,numeric,WPR,Western Pacific,Country,WSM,Samoa,Year,2012,true,Cause,Total,ENVCAUSE_ENVCAUSE000,,,,,,,,,,154,,,,,,154,,,EN,2016-03-09T05:00:00.000Z
TOTENV_1,Deaths attributable to the environment,numeric,WPR,Western Pacific,Country,VUT,Vanuatu,Year,2012,true,Cause,Noncommunicable diseases,ENVCAUSE_ENVCAUSE060,,,,,,,,,,154,,,,,,154,,,EN,2016-03-09T05:00:00.000Z
TOTENV_1,Deaths attributable to the environment,numeric,WPR,Western Pacific,Country,SGP,Singapore,Year,2012,true,Cause,Injuries,ENVCAUSE_ENVCAUSE151,,,,,,,,,,159,,,,,,159,,,EN,2016-03-09T05:00:00.000Z
TOTENV_1,Deaths attributable to the environment,numeric,SEAR,South-East Asia,Country,MDV,Maldives,Year,2012,true,Cause,"Infectious, parasitic, neonatal and nutritional",ENVCAUSE_ENVCAUSE001,,,,,,,,,,16,,,,,,16,,,EN,2016-03-09T05:00:00.000Z
TOTENV_1,Deaths attributable to the environment,numeric,EUR,Europe,Country,NLD,Netherlands (Kingdom of the),Year,2012,true,Cause,Total,ENVCAUSE_ENVCAUSE000,,,,,,,,,,16128,,,,,,16 128,,,EN,2016-03-09T05:00:00.000Z
TOTENV_1,Deaths attributable to the environment,numeric,AFR,Africa,Country,CAF,Central African Republic,Year,2012,true,Cause,Total,ENVCAUSE_ENVCAUSE000,,,,,,,,,,16138,,,,,,16 138,,,EN,2016-03-09T05:00:00.000Z
TOTENV_1,Deaths attributable to the environment,numeric,WPR,Western Pacific,Country,PHL,Philippines,Year,2012,true,Cause,Injuries,ENVCAUSE_ENVCAUSE151,,,,,,,,,,16177,,,,,,16 177,,,EN,2016-03-09T05:00:00.000Z
TOTENV_1,Deaths attributable to the environment,numeric,EUR,Europe,Country,GRC,Greece,Year,2012,true,Cause,Noncommunicable diseases,ENVCAUSE_ENVCAUSE060,,,,,,,,,,16316,,,,,,16 316,,,EN,2016-03-09T05:00:00.000Z
TOTENV_1,Deaths attributable to the environment,numeric,AFR,Africa,Country,GIN,Guinea,Year,2012,true,Cause,"Infectious, parasitic, neonatal and nutritional",ENVCAUSE_ENVCAUSE001,,,,,,,,,,16421,,,,,,16 421,,,EN,2016-03-09T05:00:00.000Z
TOTENV_1,Deaths attributable to the environment,numeric,AFR,Africa,Country,SSD,South Sudan,Year,2012,true,Cause,"Infectious, parasitic, neonatal and nutritional",ENVCAUSE_ENVCAUSE001,,,,,,,,,,16421,,,,,,16 421,,,EN,2016-03-09T05:00:00.000Z
TOTENV_1,Deaths attributable to the environment,numeric,EMR,Eastern Mediterranean,Country,SDN,Sudan,Year,2012,true,Cause,Injuries,ENVCAUSE_ENVCAUSE151,,,,,,,,,,16457,,,,,,16 457,,,EN,2016-03-09T05:00:00.000Z
TOTENV_1,Deaths attributable to the environment,numeric,EUR,Europe,Country,SRB,Serbia,Year,2012,true,Cause,Noncommunicable diseases,ENVCAUSE_ENVCAUSE060,,,,,,,,,,16520,,,,,,16 520,,,EN,2016-03-09T05:00:00.000Z
TOTENV_1,Deaths attributable to the environment,numeric,AFR,Africa,Country,KEN,Kenya,Year,2012,true,Cause,Injuries,ENVCAUSE_ENVCAUSE151,,,,,,,,,,16541,,,,,,16 541,,,EN,2016-03-09T05:00:00.000Z
TOTENV_1,Deaths attributable to the environment,numeric,EUR,Europe,Country,ISL,Iceland,Year,2012,true,Cause,Noncommunicable diseases,ENVCAUSE_ENVCAUSE060,,,,,,,,,,160,,,,,,160,,,EN,2016-03-09T05:00:00.000Z
TOTENV_1,Deaths attributable to the environment,numeric,AFR,Africa,Country,COD,Democratic Republic of the Congo,Year,2012,true,Cause,"Infectious, parasitic, neonatal and nutritional",ENVCAUSE_ENVCAUSE001,,,,,,,,,,163548,,,,,,163 548,,,EN,2016-03-09T05:00:00.000Z
TOTENV_1,Deaths attributable to the environment,numeric,EUR,Europe,Country,ISR,Israel,Year,2012,true,Cause,"Infectious, parasitic, neonatal and nutritional",ENVCAUSE_ENVCAUSE001,,,,,,,,,,164,,,,,,164,,,EN,2016-03-09T05:00:00.000Z
TOTENV_1,Deaths attributable to the environment,numeric,SEAR,South-East Asia,Country,MDV,Maldives,Year,2012,true,Cause,Total,ENVCAUSE_ENVCAUSE000,,,,,,,,,,164,,,,,,164,,,EN,2016-03-09T05:00:00.000Z
TOTENV_1,Deaths attributable to the environment,numeric,WPR,Western Pacific,Country,BRN,Brunei Darussalam,Year,2012,true,Cause,Total,ENVCAUSE_ENVCAUSE000,,,,,,,,,,167,,,,,,167,,,EN,2016-03-09T05:00:00.000Z
TOTENV_1,Deaths attributable to the environment,numeric,AMR,Americas,Country,GRD,Grenada,Year,2012,true,Cause,Injuries,ENVCAUSE_ENVCAUSE151,,,,,,,,,,17,,,,,,17,,,EN,2016-03-09T05:00:00.000Z
TOTENV_1,Deaths attributable to the environment,numeric,AFR,Africa,Country,BDI,Burundi,Year,2012,true,Cause,"Infectious, parasitic, neonatal and nutritional",ENVCAUSE_ENVCAUSE001,,,,,,,,,,17019,,,,,,17 019,,,EN,2016-03-09T05:00:00.000Z
TOTENV_1,Deaths attributable to the environment,numeric,EMR,Eastern Mediterranean,Country,SYR,Syrian Arab Republic,Year,2012,true,Cause,Total,ENVCAUSE_ENVCAUSE000,,,,,,,,,,17036,,,,,,17 036,,,EN,2016-03-09T05:00:00.000Z
TOTENV_1,Deaths attributable to the environment,numeric,AFR,Africa,Country,UGA,Uganda,Year,2012,true,Cause,Noncommunicable diseases,ENVCAUSE_ENVCAUSE060,,,,,,,,,,17422,,,,,,17 422,,,EN,2016-03-09T05:00:00.000Z
TOTENV_1,Deaths attributable to the environment,numeric,EUR,Europe,Country,GRC,Greece,Year,2012,true,Cause,Total,ENVCAUSE_ENVCAUSE000,,,,,,,,,,17486,,,,,,17 486,,,EN,2016-03-09T05:00:00.000Z
TOTENV_1,Deaths attributable to the environment,numeric,EUR,Europe,Country,BGR,Bulgaria,Year,2012,true,Cause,Noncommunicable diseases,ENVCAUSE_ENVCAUSE060,,,,,,,,,,17511,,,,,,17 511,,,EN,2016-03-09T05:00:00.000Z
TOTENV_1,Deaths attributable to the environment,numeric,EUR,Europe,Country,SRB,Serbia,Year,2012,true,Cause,Total,ENVCAUSE_ENVCAUSE000,,,,,,,,,,17519,,,,,,17 519,,,EN,2016-03-09T05:00:00.000Z
TOTENV_1,Deaths attributable to the environment,numeric,WPR,Western Pacific,Country,MYS,Malaysia,Year,2012,true,Cause,Noncommunicable diseases,ENVCAUSE_ENVCAUSE060,,,,,,,,,,17740,,,,,,17 740,,,EN,2016-03-09T05:00:00.000Z
TOTENV_1,Deaths attributable to the environment,numeric,AMR,Americas,Country,BRA,Brazil,Year,2012,true,Cause,"Infectious, parasitic, neonatal and nutritional",ENVCAUSE_ENVCAUSE001,,,,,,,,,,17793,,,,,,17 793,,,EN,2016-03-09T05:00:00.000Z
TOTENV_1,Deaths attributable to the environment,numeric,AFR,Africa,Country,GHA,Ghana,Year,2012,true,Cause,Noncommunicable diseases,ENVCAUSE_ENVCAUSE060,,,,,,,,,,17886,,,,,,17 886,,,EN,2016-03-09T05:00:00.000Z
TOTENV_1,Deaths attributable to the environment,numeric,AMR,Americas,Country,BRB,Barbados,Year,2012,true,Cause,Noncommunicable diseases,ENVCAUSE_ENVCAUSE060,,,,,,,,,,170,,,,,,170,,,EN,2016-03-09T05:00:00.000Z
TOTENV_1,Deaths attributable to the environment,numeric,WPR,Western Pacific,Country,SLB,Solomon Islands,Year,2012,true,Cause,"Infectious, parasitic, neonatal and nutritional",ENVCAUSE_ENVCAUSE001,,,,,,,,,,171,,,,,,171,,,EN,2016-03-09T05:00:00.000Z
TOTENV_1,Deaths attributable to the environment,numeric,EUR,Europe,Country,GEO,Georgia,Year,2012,true,Cause,"Infectious, parasitic, neonatal and nutritional",ENVCAUSE_ENVCAUSE001,,,,,,,,,,172,,,,,,172,,,EN,2016-03-09T05:00:00.000Z
TOTENV_1,Deaths attributable to the environment,numeric,EUR,Europe,Country,PRT,Portugal,Year,2012,true,Cause,"Infectious, parasitic, neonatal and nutritional",ENVCAUSE_ENVCAUSE001,,,,,,,,,,172,,,,,,172,,,EN,2016-03-09T05:00:00.000Z
TOTENV_1,Deaths attributable to the environment,numeric,AMR,Americas,Country,CUB,Cuba,Year,2012,true,Cause,"Infectious, parasitic, neonatal and nutritional",ENVCAUSE_ENVCAUSE001,,,,,,,,,,176,,,,,,176,,,EN,2016-03-09T05:00:00.000Z
TOTENV_1,Deaths attributable to the environment,numeric,EUR,Europe,Country,MKD,North Macedonia,Year,2012,true,Cause,Injuries,ENVCAUSE_ENVCAUSE151,,,,,,,,,,176,,,,,,176,,,EN,2016-03-09T05:00:00.000Z
TOTENV_1,Deaths attributable to the environment,numeric,AMR,Americas,Country,BLZ,Belize,Year,2012,true,Cause,Total,ENVCAUSE_ENVCAUSE000,,,,,,,,,,177,,,,,,177,,,EN,2016-03-09T05:00:00.000Z
TOTENV_1,Deaths attributable to the environment,numeric,EUR,Europe,Country,SMR,San Marino,Year,2012,true,Cause,Noncommunicable diseases,ENVCAUSE_ENVCAUSE060,,,,,,,,,,18,,,,,,18,,,EN,2016-03-09T05:00:00.000Z
TOTENV_1,Deaths attributable to the environment,numeric,AFR,Africa,Country,KEN,Kenya,Year,2012,true,Cause,Noncommunicable diseases,ENVCAUSE_ENVCAUSE060,,,,,,,,,,18122,,,,,,18 122,,,EN,2016-03-09T05:00:00.000Z
TOTENV_1,Deaths attributable to the environment,numeric,EMR,Eastern Mediterranean,Country,SAU,Saudi Arabia,Year,2012,true,Cause,Total,ENVCAUSE_ENVCAUSE000,,,,,,,,,,18393,,,,,,18 393,,,EN,2016-03-09T05:00:00.000Z
TOTENV_1,Deaths attributable to the environment,numeric,SEAR,South-East Asia,Country,MMR,Myanmar,Year,2012,true,Cause,Injuries,ENVCAUSE_ENVCAUSE151,,,,,,,,,,18407,,,,,,18 407,,,EN,2016-03-09T05:00:00.000Z
TOTENV_1,Deaths attributable to the environment,numeric,AFR,Africa,Country,MDG,Madagascar,Year,2012,true,Cause,"Infectious, parasitic, neonatal and nutritional",ENVCAUSE_ENVCAUSE001,,,,,,,,,,18499,,,,,,18 499,,,EN,2016-03-09T05:00:00.000Z
TOTENV_1,Deaths attributable to the environment,numeric,EUR,Europe,Country,BGR,Bulgaria,Year,2012,true,Cause,Total,ENVCAUSE_ENVCAUSE000,,,,,,,,,,18555,,,,,,18 555,,,EN,2016-03-09T05:00:00.000Z
TOTENV_1,Deaths attributable to the environment,numeric,AFR,Africa,Country,MWI,Malawi,Year,2012,true,Cause,"Infectious, parasitic, neonatal and nutritional",ENVCAUSE_ENVCAUSE001,,,,,,,,,,18688,,,,,,18 688,,,EN,2016-03-09T05:00:00.000Z
TOTENV_1,Deaths attributable to the environment,numeric,AFR,Africa,Country,RWA,Rwanda,Year,2012,true,Cause,Total,ENVCAUSE_ENVCAUSE000,,,,,,,,,,18777,,,,,,18 777,,,EN,2016-03-09T05:00:00.000Z
TOTENV_1,Deaths attributable to the environment,numeric,EMR,Eastern Mediterranean,Country,SDN,Sudan,Year,2012,true,Cause,Noncommunicable diseases,ENVCAUSE_ENVCAUSE060,,,,,,,,,,18851,,,,,,18 851,,,EN,2016-03-09T05:00:00.000Z
TOTENV_1,Deaths attributable to the environment,numeric,EUR,Europe,Country,EST,Estonia,Year,2012,true,Cause,Injuries,ENVCAUSE_ENVCAUSE151,,,,,,,,,,181,,,,,,181,,,EN,2016-03-09T05:00:00.000Z
TOTENV_1,Deaths attributable to the environment,numeric,EUR,Europe,Country,NLD,Netherlands (Kingdom of the),Year,2012,true,Cause,"Infectious, parasitic, neonatal and nutritional",ENVCAUSE_ENVCAUSE001,,,,,,,,,,185,,,,,,185,,,EN,2016-03-09T05:00:00.000Z
TOTENV_1,Deaths attributable to the environment,numeric,EUR,Europe,Country,ISL,Iceland,Year,2012,true,Cause,Total,ENVCAUSE_ENVCAUSE000,,,,,,,,,,186,,,,,,186,,,EN,2016-03-09T05:00:00.000Z
TOTENV_1,Deaths attributable to the environment,numeric,WPR,Western Pacific,Country,TON,Tonga,Year,2012,true,Cause,Injuries,ENVCAUSE_ENVCAUSE151,,,,,,,,,,19,,,,,,19,,,EN,2016-03-09T05:00:00.000Z
TOTENV_1,Deaths attributable to the environment,numeric,WPR,Western Pacific,Country,JPN,Japan,Year,2012,true,Cause,Injuries,ENVCAUSE_ENVCAUSE151,,,,,,,,,,19500,,,,,,19 500,,,EN,2016-03-09T05:00:00.000Z
TOTENV_1,Deaths attributable to the environment,numeric,AFR,Africa,Country,ZAF,South Africa,Year,2012,true,Cause,Injuries,ENVCAUSE_ENVCAUSE151,,,,,,,,,,19742,,,,,,19 742,,,EN,2016-03-09T05:00:00.000Z
TOTENV_1,Deaths attributable to the environment,numeric,EUR,Europe,Country,BLR,Belarus,Year,2012,true,Cause,Noncommunicable diseases,ENVCAUSE_ENVCAUSE060,,,,,,,,,,19848,,,,,,19 848,,,EN,2016-03-09T05:00:00.000Z
TOTENV_1,Deaths attributable to the environment,numeric,AFR,Africa,Country,ZMB,Zambia,Year,2012,true,Cause,"Infectious, parasitic, neonatal and nutritional",ENVCAUSE_ENVCAUSE001,,,,,,,,,,19892,,,,,,19 892,,,EN,2016-03-09T05:00:00.000Z
TOTENV_1,Deaths attributable to the environment,numeric,AMR,Americas,Country,LCA,Saint Lucia,Year,2012,true,Cause,Total,ENVCAUSE_ENVCAUSE000,,,,,,,,,,190,,,,,,190,,,EN,2016-03-09T05:00:00.000Z
TOTENV_1,Deaths attributable to the environment,numeric,AMR,Americas,Country,JAM,Jamaica,Year,2012,true,Cause,"Infectious, parasitic, neonatal and nutritional",ENVCAUSE_ENVCAUSE001,,,,,,,,,,191,,,,,,191,,,EN,2016-03-09T05:00:00.000Z
TOTENV_1,Deaths attributable to the environment,numeric,AMR,Americas,Country,BRA,Brazil,Year,2012,true,Cause,Total,ENVCAUSE_ENVCAUSE000,,,,,,,,,,195742,,,,,,195 742,,,EN,2016-03-09T05:00:00.000Z
TOTENV_1,Deaths attributable to the environment,numeric,EUR,Europe,Country,BEL,Belgium,Year,2012,true,Cause,"Infectious, parasitic, neonatal and nutritional",ENVCAUSE_ENVCAUSE001,,,,,,,,,,196,,,,,,196,,,EN,2016-03-09T05:00:00.000Z
TOTENV_1,Deaths attributable to the environment,numeric,AMR,Americas,Country,GUY,Guyana,Year,2012,true,Cause,"Infectious, parasitic, neonatal and nutritional",ENVCAUSE_ENVCAUSE001,,,,,,,,,,197,,,,,,197,,,EN,2016-03-09T05:00:00.000Z
TOTENV_1,Deaths attributable to the environment,numeric,SEAR,South-East Asia,Country,BTN,Bhutan,Year,2012,true,Cause,"Infectious, parasitic, neonatal and nutritional",ENVCAUSE_ENVCAUSE001,,,,,,,,,,198,,,,,,198,,,EN,2016-03-09T05:00:00.000Z
TOTENV_1,Deaths attributable to the environment,numeric,AMR,Americas,Country,ATG,Antigua and Barbuda,Year,2012,true,Cause,"Infectious, parasitic, neonatal and nutritional",ENVCAUSE_ENVCAUSE001,,,,,,,,,,2,,,,,,2,,,EN,2016-03-09T05:00:00.000Z
TOTENV_1,Deaths attributable to the environment,numeric,EUR,Europe,Country,ISL,Iceland,Year,2012,true,Cause,"Infectious, parasitic, neonatal and nutritional",ENVCAUSE_ENVCAUSE001,,,,,,,,,,2,,,,,,2,,,EN,2016-03-09T05:00:00.000Z
TOTENV_1,Deaths attributable to the environment,numeric,EUR,Europe,Country,MLT,Malta,Year,2012,true,Cause,"Infectious, parasitic, neonatal and nutritional",ENVCAUSE_ENVCAUSE001,,,,,,,,,,2,,,,,,2,,,EN,2016-03-09T05:00:00.000Z
TOTENV_1,Deaths attributable to the environment,numeric,WPR,Western Pacific,Country,NRU,Nauru,Year,2012,true,Cause,Noncommunicable diseases,ENVCAUSE_ENVCAUSE060,,,,,,,,,,2,,,,,,2,,,EN,2016-03-09T05:00:00.000Z
TOTENV_1,Deaths attributable to the environment,numeric,WPR,Western Pacific,Country,PLW,Palau,Year,2012,true,Cause,"Infectious, parasitic, neonatal and nutritional",ENVCAUSE_ENVCAUSE001,,,,,,,,,,2,,,,,,2,,,EN,2016-03-09T05:00:00.000Z
TOTENV_1,Deaths attributable to the environment,numeric,AMR,Americas,Country,KNA,Saint Kitts and Nevis,Year,2012,true,Cause,"Infectious, parasitic, neonatal and nutritional",ENVCAUSE_ENVCAUSE001,,,,,,,,,,2,,,,,,2,,,EN,2016-03-09T05:00:00.000Z
TOTENV_1,Deaths attributable to the environment,numeric,WPR,Western Pacific,Country,TUV,Tuvalu,Year,2012,true,Cause,"Infectious, parasitic, neonatal and nutritional",ENVCAUSE_ENVCAUSE001,,,,,,,,,,2,,,,,,2,,,EN,2016-03-09T05:00:00.000Z
TOTENV_1,Deaths attributable to the environment,numeric,AFR,Africa,Country,CAF,Central African Republic,Year,2012,true,Cause,Injuries,ENVCAUSE_ENVCAUSE151,,,,,,,,,,2025,,,,,,2 025,,,EN,2016-03-09T05:00:00.000Z
TOTENV_1,Deaths attributable to the environment,numeric,AMR,Americas,Country,VEN,Venezuela (Bolivarian Republic of),Year,2012,true,Cause,"Infectious, parasitic, neonatal and nutritional",ENVCAUSE_ENVCAUSE001,,,,,,,,,,2038,,,,,,2 038,,,EN,2016-03-09T05:00:00.000Z
TOTENV_1,Deaths attributable to the environment,numeric,AMR,Americas,Country,JAM,Jamaica,Year,2012,true,Cause,Noncommunicable diseases,ENVCAUSE_ENVCAUSE060,,,,,,,,,,2097,,,,,,2 097,,,EN,2016-03-09T05:00:00.000Z
TOTENV_1,Deaths attributable to the environment,numeric,AFR,Africa,Country,GNQ,Equatorial Guinea,Year,2012,true,Cause,Total,ENVCAUSE_ENVCAUSE000,,,,,,,,,,2106,,,,,,2 106,,,EN,2016-03-09T05:00:00.000Z
TOTENV_1,Deaths attributable to the environment,numeric,EUR,Europe,Country,SVN,Slovenia,Year,2012,true,Cause,Noncommunicable diseases,ENVCAUSE_ENVCAUSE060,,,,,,,,,,2131,,,,,,2 131,,,EN,2016-03-09T05:00:00.000Z
TOTENV_1,Deaths attributable to the environment,numeric,EMR,Eastern Mediterranean,Country,ARE,United Arab Emirates,Year,2012,true,Cause,Total,ENVCAUSE_ENVCAUSE000,,,,,,,,,,2138,,,,,,2 138,,,EN,2016-03-09T05:00:00.000Z
TOTENV_1,Deaths attributable to the environment,numeric,AMR,Americas,Country,CRI,Costa Rica,Year,2012,true,Cause,Noncommunicable diseases,ENVCAUSE_ENVCAUSE060,,,,,,,,,,2213,,,,,,2 213,,,EN,2016-03-09T05:00:00.000Z
TOTENV_1,Deaths attributable to the environment,numeric,AFR,Africa,Country,ERI,Eritrea,Year,2012,true,Cause,Injuries,ENVCAUSE_ENVCAUSE151,,,,,,,,,,2214,,,,,,2 214,,,EN,2016-03-09T05:00:00.000Z
TOTENV_1,Deaths attributable to the environment,numeric,EUR,Europe,Country,TUR,Türkiye,Year,2012,true,Cause,"Infectious, parasitic, neonatal and nutritional",ENVCAUSE_ENVCAUSE001,,,,,,,,,,2248,,,,,,2 248,,,EN,2016-03-09T05:00:00.000Z
TOTENV_1,Deaths attributable to the environment,numeric,AMR,Americas,Country,SLV,El Salvador,Year,2012,true,Cause,Injuries,ENVCAUSE_ENVCAUSE151,,,,,,,,,,2345,,,,,,2 345,,,EN,2016-03-09T05:00:00.000Z
TOTENV_1,Deaths attributable to the environment,numeric,EMR,Eastern Mediterranean,Country,SYR,Syrian Arab Republic,Year,2012,true,Cause,Injuries,ENVCAUSE_ENVCAUSE151,,,,,,,,,,2354,,,,,,2 354,,,EN,2016-03-09T05:00:00.000Z
TOTENV_1,Deaths attributable to the environment,numeric,WPR,Western Pacific,Country,JPN,Japan,Year,2012,true,Cause,"Infectious, parasitic, neonatal and nutritional",ENVCAUSE_ENVCAUSE001,,,,,,,,,,2378,,,,,,2 378,,,EN,2016-03-09T05:00:00.000Z
TOTENV_1,Deaths attributable to the environment,numeric,AFR,Africa,Country,SWZ,Eswatini,Year,2012,true,Cause,Total,ENVCAUSE_ENVCAUSE000,,,,,,,,,,2388,,,,,,2 388,,,EN,2016-03-09T05:00:00.000Z
TOTENV_1,Deaths attributable to the environment,numeric,AMR,Americas,Country,CUB,Cuba,Year,2012,true,Cause,Injuries,ENVCAUSE_ENVCAUSE151,,,,,,,,,,2432,,,,,,2 432,,,EN,2016-03-09T05:00:00.000Z
TOTENV_1,Deaths attributable to the environment,numeric,AMR,Americas,Country,BOL,Bolivia (Plurinational State of),Year,2012,true,Cause,"Infectious, parasitic, neonatal and nutritional",ENVCAUSE_ENVCAUSE001,,,,,,,,,,2442,,,,,,2 442,,,EN,2016-03-09T05:00:00.000Z
TOTENV_1,Deaths attributable to the environment,numeric,AMR,Americas,Country,DOM,Dominican Republic,Year,2012,true,Cause,Injuries,ENVCAUSE_ENVCAUSE151,,,,,,,,,,2444,,,,,,2 444,,,EN,2016-03-09T05:00:00.000Z
TOTENV_1,Deaths attributable to the environment,numeric,AFR,Africa,Country,TGO,Togo,Year,2012,true,Cause,Injuries,ENVCAUSE_ENVCAUSE151,,,,,,,,,,2487,,,,,,2 487,,,EN,2016-03-09T05:00:00.000Z
TOTENV_1,Deaths attributable to the environment,numeric,EUR,Europe,Country,SVN,Slovenia,Year,2012,true,Cause,Total,ENVCAUSE_ENVCAUSE000,,,,,,,,,,2499,,,,,,2 499,,,EN,2016-03-09T05:00:00.000Z
TOTENV_1,Deaths attributable to the environment,numeric,EUR,Europe,Country,TJK,Tajikistan,Year,2012,true,Cause,"Infectious, parasitic, neonatal and nutritional",ENVCAUSE_ENVCAUSE001,,,,,,,,,,2499,,,,,,2 499,,,EN,2016-03-09T05:00:00.000Z
TOTENV_1,Deaths attributable to the environment,numeric,AFR,Africa,Country,LSO,Lesotho,Year,2012,true,Cause,"Infectious, parasitic, neonatal and nutritional",ENVCAUSE_ENVCAUSE001,,,,,,,,,,2517,,,,,,2 517,,,EN,2016-03-09T05:00:00.000Z
TOTENV_1,Deaths attributable to the environment,numeric,AMR,Americas,Country,COL,Colombia,Year,2012,true,Cause,"Infectious, parasitic, neonatal and nutritional",ENVCAUSE_ENVCAUSE001,,,,,,,,,,2534,,,,,,2 534,,,EN,2016-03-09T05:00:00.000Z
TOTENV_1,Deaths attributable to the environment,numeric,AMR,Americas,Country,URY,Uruguay,Year,2012,true,Cause,Noncommunicable diseases,ENVCAUSE_ENVCAUSE060,,,,,,,,,,2588,,,,,,2 588,,,EN,2016-03-09T05:00:00.000Z
TOTENV_1,Deaths attributable to the environment,numeric,WPR,Western Pacific,Country,CHN,China,Year,2012,true,Cause,Noncommunicable diseases,ENVCAUSE_ENVCAUSE060,,,,,,,,,,2607982,,,,,,2 607 982,,,EN,2016-03-09T05:00:00.000Z
TOTENV_1,Deaths attributable to the environment,numeric,WPR,Western Pacific,Country,PNG,Papua New Guinea,Year,2012,true,Cause,Injuries,ENVCAUSE_ENVCAUSE151,,,,,,,,,,2615,,,,,,2 615,,,EN,2016-03-09T05:00:00.000Z
TOTENV_1,Deaths attributable to the environment,numeric,AFR,Africa,Country,LBR,Liberia,Year,2012,true,Cause,Noncommunicable diseases,ENVCAUSE_ENVCAUSE060,,,,,,,,,,2656,,,,,,2 656,,,EN,2016-03-09T05:00:00.000Z
TOTENV_1,Deaths attributable to the environment,numeric,WPR,Western Pacific,Country,NZL,New Zealand,Year,2012,true,Cause,Noncommunicable diseases,ENVCAUSE_ENVCAUSE060,,,,,,,,,,2713,,,,,,2 713,,,EN,2016-03-09T05:00:00.000Z
TOTENV_1,Deaths attributable to the environment,numeric,AMR,Americas,Country,JAM,Jamaica,Year,2012,true,Cause,Total,ENVCAUSE_ENVCAUSE000,,,,,,,,,,2714,,,,,,2 714,,,EN,2016-03-09T05:00:00.000Z
TOTENV_1,Deaths attributable to the environment,numeric,AMR,Americas,Country,PAN,Panama,Year,2012,true,Cause,Total,ENVCAUSE_ENVCAUSE000,,,,,,,,,,2729,,,,,,2 729,,,EN,2016-03-09T05:00:00.000Z
TOTENV_1,Deaths attributable to the environment,numeric,AFR,Africa,Country,NAM,Namibia,Year,2012,true,Cause,Total,ENVCAUSE_ENVCAUSE000,,,,,,,,,,2730,,,,,,2 730,,,EN,2016-03-09T05:00:00.000Z
TOTENV_1,Deaths attributable to the environment,numeric,AFR,Africa,Country,GAB,Gabon,Year,2012,true,Cause,Total,ENVCAUSE_ENVCAUSE000,,,,,,,,,,2803,,,,,,2 803,,,EN,2016-03-09T05:00:00.000Z
TOTENV_1,Deaths attributable to the environment,numeric,SEAR,South-East Asia,Country,PRK,Democratic People's Republic of Korea,Year,2012,true,Cause,"Infectious, parasitic, neonatal and nutritional",ENVCAUSE_ENVCAUSE001,,,,,,,,,,2821,,,,,,2 821,,,EN,2016-03-09T05:00:00.000Z
TOTENV_1,Deaths attributable to the environment,numeric,AFR,Africa,Country,COG,Congo,Year,2012,true,Cause,Noncommunicable diseases,ENVCAUSE_ENVCAUSE060,,,,,,,,,,2840,,,,,,2 840,,,EN,2016-03-09T05:00:00.000Z
TOTENV_1,Deaths attributable to the environment,numeric,WPR,Western Pacific,Country,SGP,Singapore,Year,2012,true,Cause,Noncommunicable diseases,ENVCAUSE_ENVCAUSE060,,,,,,,,,,2873,,,,,,2 873,,,EN,2016-03-09T05:00:00.000Z
TOTENV_1,Deaths attributable to the environment,numeric,AFR,Africa,Country,BWA,Botswana,Year,2012,true,Cause,Total,ENVCAUSE_ENVCAUSE000,,,,,,,,,,2905,,,,,,2 905,,,EN,2016-03-09T05:00:00.000Z
TOTENV_1,Deaths attributable to the environment,numeric,SEAR,South-East Asia,Country,IND,India,Year,2012,true,Cause,Total,ENVCAUSE_ENVCAUSE000,,,,,,,,,,2911670,,,,,,2 911 670,,,EN,2016-03-09T05:00:00.000Z
TOTENV_1,Deaths attributable to the environment,numeric,AFR,Africa,Country,GNB,Guinea-Bissau,Year,2012,true,Cause,"Infectious, parasitic, neonatal and nutritional",ENVCAUSE_ENVCAUSE001,,,,,,,,,,2940,,,,,,2 940,,,EN,2016-03-09T05:00:00.000Z
TOTENV_1,Deaths attributable to the environment,numeric,EUR,Europe,Country,IRL,Ireland,Year,2012,true,Cause,Noncommunicable diseases,ENVCAUSE_ENVCAUSE060,,,,,,,,,,2944,,,,,,2 944,,,EN,2016-03-09T05:00:00.000Z
TOTENV_1,Deaths attributable to the environment,numeric,AMR,Americas,Country,HTI,Haiti,Year,2012,true,Cause,Injuries,ENVCAUSE_ENVCAUSE151,,,,,,,,,,2973,,,,,,2 973,,,EN,2016-03-09T05:00:00.000Z
TOTENV_1,Deaths attributable to the environment,numeric,WPR,Western Pacific,Country,CHN,China,Year,2012,true,Cause,Total,ENVCAUSE_ENVCAUSE000,,,,,,,,,,2986684,,,,,,2 986 684,,,EN,2016-03-09T05:00:00.000Z
TOTENV_1,Deaths attributable to the environment,numeric,EUR,Europe,Country,MCO,Monaco,Year,2012,true,Cause,Noncommunicable diseases,ENVCAUSE_ENVCAUSE060,,,,,,,,,,20,,,,,,20,,,EN,2016-03-09T05:00:00.000Z
TOTENV_1,Deaths attributable to the environment,numeric,AMR,Americas,Country,VCT,Saint Vincent and the Grenadines,Year,2012,true,Cause,Injuries,ENVCAUSE_ENVCAUSE151,,,,,,,,,,20,,,,,,20,,,EN,2016-03-09T05:00:00.000Z
TOTENV_1,Deaths attributable to the environment,numeric,EMR,Eastern Mediterranean,Country,IRQ,Iraq,Year,2012,true,Cause,Noncommunicable diseases,ENVCAUSE_ENVCAUSE060,,,,,,,,,,20119,,,,,,20 119,,,EN,2016-03-09T05:00:00.000Z
TOTENV_1,Deaths attributable to the environment,numeric,AFR,Africa,Country,TZA,United Republic of Tanzania,Year,2012,true,Cause,Noncommunicable diseases,ENVCAUSE_ENVCAUSE060,,,,,,,,,,20180,,,,,,20 180,,,EN,2016-03-09T05:00:00.000Z
TOTENV_1,Deaths attributable to the environment,numeric,AFR,Africa,Country,UGA,Uganda,Year,2012,true,Cause,Injuries,ENVCAUSE_ENVCAUSE151,,,,,,,,,,20469,,,,,,20 469,,,EN,2016-03-09T05:00:00.000Z
TOTENV_1,Deaths attributable to the environment,numeric,EUR,Europe,Country,HUN,Hungary,Year,2012,true,Cause,Noncommunicable diseases,ENVCAUSE_ENVCAUSE060,,,,,,,,,,20621,,,,,,20 621,,,EN,2016-03-09T05:00:00.000Z
TOTENV_1,Deaths attributable to the environment,numeric,AMR,Americas,Country,HTI,Haiti,Year,2012,true,Cause,Total,ENVCAUSE_ENVCAUSE000,,,,,,,,,,20818,,,,,,20 818,,,EN,2016-03-09T05:00:00.000Z
TOTENV_1,Deaths attributable to the environment,numeric,AFR,Africa,Country,SEN,Senegal,Year,2012,true,Cause,Total,ENVCAUSE_ENVCAUSE000,,,,,,,,,,20869,,,,,,20 869,,,EN,2016-03-09T05:00:00.000Z
TOTENV_1,Deaths attributable to the environment,numeric,AMR,Americas,Country,BHS,Bahamas,Year,2012,true,Cause,Total,ENVCAUSE_ENVCAUSE000,,,,,,,,,,201,,,,,,201,,,EN,2016-03-09T05:00:00.000Z
TOTENV_1,Deaths attributable to the environment,numeric,SEAR,South-East Asia,Country,BGD,Bangladesh,Year,2012,true,Cause,Total,ENVCAUSE_ENVCAUSE000,,,,,,,,,,201534,,,,,,201 534,,,EN,2016-03-09T05:00:00.000Z
TOTENV_1,Deaths attributable to the environment,numeric,EMR,Eastern Mediterranean,Country,QAT,Qatar,Year,2012,true,Cause,Injuries,ENVCAUSE_ENVCAUSE151,,,,,,,,,,202,,,,,,202,,,EN,2016-03-09T05:00:00.000Z
TOTENV_1,Deaths attributable to the environment,numeric,AMR,Americas,Country,BRB,Barbados,Year,2012,true,Cause,Total,ENVCAUSE_ENVCAUSE000,,,,,,,,,,204,,,,,,204,,,EN,2016-03-09T05:00:00.000Z
TOTENV_1,Deaths attributable to the environment,numeric,EMR,Eastern Mediterranean,Country,BHR,Bahrain,Year,2012,true,Cause,"Infectious, parasitic, neonatal and nutritional",ENVCAUSE_ENVCAUSE001,,,,,,,,,,21,,,,,,21,,,EN,2016-03-09T05:00:00.000Z
TOTENV_1,Deaths attributable to the environment,numeric,WPR,Western Pacific,Country,MHL,Marshall Islands,Year,2012,true,Cause,"Infectious, parasitic, neonatal and nutritional",ENVCAUSE_ENVCAUSE001,,,,,,,,,,21,,,,,,21,,,EN,2016-03-09T05:00:00.000Z
TOTENV_1,Deaths attributable to the environment,numeric,WPR,Western Pacific,Country,WSM,Samoa,Year,2012,true,Cause,"Infectious, parasitic, neonatal and nutritional",ENVCAUSE_ENVCAUSE001,,,,,,,,,,21,,,,,,21,,,EN,2016-03-09T05:00:00.000Z
TOTENV_1,Deaths attributable to the environment,numeric,WPR,Western Pacific,Country,KHM,Cambodia,Year,2012,true,Cause,Total,ENVCAUSE_ENVCAUSE000,,,,,,,,,,21012,,,,,,21 012,,,EN,2016-03-09T05:00:00.000Z
TOTENV_1,Deaths attributable to the environment,numeric,AMR,Americas,Country,PER,Peru,Year,2012,true,Cause,Total,ENVCAUSE_ENVCAUSE000,,,,,,,,,,21123,,,,,,21 123,,,EN,2016-03-09T05:00:00.000Z
TOTENV_1,Deaths attributable to the environment,numeric,AFR,Africa,Country,TZA,United Republic of Tanzania,Year,2012,true,Cause,Injuries,ENVCAUSE_ENVCAUSE151,,,,,,,,,,21216,,,,,,21 216,,,EN,2016-03-09T05:00:00.000Z
TOTENV_1,Deaths attributable to the environment,numeric,SEAR,South-East Asia,Country,MMR,Myanmar,Year,2012,true,Cause,"Infectious, parasitic, neonatal and nutritional",ENVCAUSE_ENVCAUSE001,,,,,,,,,,21584,,,,,,21 584,,,EN,2016-03-09T05:00:00.000Z
TOTENV_1,Deaths attributable to the environment,numeric,SEAR,South-East Asia,Country,THA,Thailand,Year,2012,true,Cause,Injuries,ENVCAUSE_ENVCAUSE151,,,,,,,,,,21924,,,,,,21 924,,,EN,2016-03-09T05:00:00.000Z
TOTENV_1,Deaths attributable to the environment,numeric,AMR,Americas,Country,BLZ,Belize,Year,2012,true,Cause,"Infectious, parasitic, neonatal and nutritional",ENVCAUSE_ENVCAUSE001,,,,,,,,,,22,,,,,,22,,,EN,2016-03-09T05:00:00.000Z
TOTENV_1,Deaths attributable to the environment,numeric,EMR,Eastern Mediterranean,Country,QAT,Qatar,Year,2012,true,Cause,"Infectious, parasitic, neonatal and nutritional",ENVCAUSE_ENVCAUSE001,,,,,,,,,,22,,,,,,22,,,EN,2016-03-09T05:00:00.000Z
TOTENV_1,Deaths attributable to the environment,numeric,EUR,Europe,Country,SMR,San Marino,Year,2012,true,Cause,Total,ENVCAUSE_ENVCAUSE000,,,,,,,,,,22,,,,,,22,,,EN,2016-03-09T05:00:00.000Z
TOTENV_1,Deaths attributable to the environment,numeric,AFR,Africa,Country,GHA,Ghana,Year,2012,true,Cause,"Infectious, parasitic, neonatal and nutritional",ENVCAUSE_ENVCAUSE001,,,,,,,,,,22146,,,,,,22 146,,,EN,2016-03-09T05:00:00.000Z
TOTENV_1,Deaths attributable to the environment,numeric,EUR,Europe,Country,HUN,Hungary,Year,2012,true,Cause,Total,ENVCAUSE_ENVCAUSE000,,,,,,,,,,22218,,,,,,22 218,,,EN,2016-03-09T05:00:00.000Z
TOTENV_1,Deaths attributable to the environment,numeric,AMR,Americas,Country,CAN,Canada,Year,2012,true,Cause,Noncommunicable diseases,ENVCAUSE_ENVCAUSE060,,,,,,,,,,22225,,,,,,22 225,,,EN,2016-03-09T05:00:00.000Z
TOTENV_1,Deaths attributable to the environment,numeric,EMR,Eastern Mediterranean,Country,MAR,Morocco,Year,2012,true,Cause,Noncommunicable diseases,ENVCAUSE_ENVCAUSE060,,,,,,,,,,22244,,,,,,22 244,,,EN,2016-03-09T05:00:00.000Z
TOTENV_1,Deaths attributable to the environment,numeric,AFR,Africa,Country,BEN,Benin,Year,2012,true,Cause,Total,ENVCAUSE_ENVCAUSE000,,,,,,,,,,22316,,,,,,22 316,,,EN,2016-03-09T05:00:00.000Z
TOTENV_1,Deaths attributable to the environment,numeric,WPR,Western Pacific,Country,PHL,Philippines,Year,2012,true,Cause,"Infectious, parasitic, neonatal and nutritional",ENVCAUSE_ENVCAUSE001,,,,,,,,,,22391,,,,,,22 391,,,EN,2016-03-09T05:00:00.000Z
TOTENV_1,Deaths attributable to the environment,numeric,EMR,Eastern Mediterranean,Country,AFG,Afghanistan,Year,2012,true,Cause,Noncommunicable diseases,ENVCAUSE_ENVCAUSE060,,,,,,,,,,22490,,,,,,22 490,,,EN,2016-03-09T05:00:00.000Z
TOTENV_1,Deaths attributable to the environment,numeric,AMR,Americas,Country,MEX,Mexico,Year,2012,true,Cause,Injuries,ENVCAUSE_ENVCAUSE151,,,,,,,,,,22691,,,,,,22 691,,,EN,2016-03-09T05:00:00.000Z
TOTENV_1,Deaths attributable to the environment,numeric,AMR,Americas,Country,COL,Colombia,Year,2012,true,Cause,Noncommunicable diseases,ENVCAUSE_ENVCAUSE060,,,,,,,,,,22795,,,,,,22 795,,,EN,2016-03-09T05:00:00.000Z
TOTENV_1,Deaths attributable to the environment,numeric,WPR,Western Pacific,Country,FJI,Fiji,Year,2012,true,Cause,Injuries,ENVCAUSE_ENVCAUSE151,,,,,,,,,,222,,,,,,222,,,EN,2016-03-09T05:00:00.000Z
TOTENV_1,Deaths attributable to the environment,numeric,WPR,Western Pacific,Country,AUS,Australia,Year,2012,true,Cause,"Infectious, parasitic, neonatal and nutritional",ENVCAUSE_ENVCAUSE001,,,,,,,,,,224,,,,,,224,,,EN,2016-03-09T05:00:00.000Z
TOTENV_1,Deaths attributable to the environment,numeric,AMR,Americas,Country,SUR,Suriname,Year,2012,true,Cause,Noncommunicable diseases,ENVCAUSE_ENVCAUSE060,,,,,,,,,,225,,,,,,225,,,EN,2016-03-09T05:00:00.000Z
TOTENV_1,Deaths attributable to the environment,numeric,AFR,Africa,Country,MUS,Mauritius,Year,2012,true,Cause,Injuries,ENVCAUSE_ENVCAUSE151,,,,,,,,,,229,,,,,,229,,,EN,2016-03-09T05:00:00.000Z
TOTENV_1,Deaths attributable to the environment,numeric,AMR,Americas,Country,BRB,Barbados,Year,2012,true,Cause,Injuries,ENVCAUSE_ENVCAUSE151,,,,,,,,,,23,,,,,,23,,,EN,2016-03-09T05:00:00.000Z
TOTENV_1,Deaths attributable to the environment,numeric,EUR,Europe,Country,MLT,Malta,Year,2012,true,Cause,Injuries,ENVCAUSE_ENVCAUSE151,,,,,,,,,,23,,,,,,23,,,EN,2016-03-09T05:00:00.000Z
TOTENV_1,Deaths attributable to the environment,numeric,EMR,Eastern Mediterranean,Country,IRN,Iran (Islamic Republic of),Year,2012,true,Cause,Injuries,ENVCAUSE_ENVCAUSE151,,,,,,,,,,23492,,,,,,23 492,,,EN,2016-03-09T05:00:00.000Z
TOTENV_1,Deaths attributable to the environment,numeric,WPR,Western Pacific,Country,VNM,Viet Nam,Year,2012,true,Cause,Injuries,ENVCAUSE_ENVCAUSE151,,,,,,,,,,23578,,,,,,23 578,,,EN,2016-03-09T05:00:00.000Z
TOTENV_1,Deaths attributable to the environment,numeric,EUR,Europe,Country,BLR,Belarus,Year,2012,true,Cause,Total,ENVCAUSE_ENVCAUSE000,,,,,,,,,,23809,,,,,,23 809,,,EN,2016-03-09T05:00:00.000Z
TOTENV_1,Deaths attributable to the environment,numeric,EMR,Eastern Mediterranean,Country,SOM,Somalia,Year,2012,true,Cause,"Infectious, parasitic, neonatal and nutritional",ENVCAUSE_ENVCAUSE001,,,,,,,,,,23833,,,,,,23 833,,,EN,2016-03-09T05:00:00.000Z
TOTENV_1,Deaths attributable to the environment,numeric,AFR,Africa,Country,STP,Sao Tome and Principe,Year,2012,true,Cause,Total,ENVCAUSE_ENVCAUSE000,,,,,,,,,,231,,,,,,231,,,EN,2016-03-09T05:00:00.000Z
TOTENV_1,Deaths attributable to the environment,numeric,EUR,Europe,Country,SWE,Sweden,Year,2012,true,Cause,"Infectious, parasitic, neonatal and nutritional",ENVCAUSE_ENVCAUSE001,,,,,,,,,,236,,,,,,236,,,EN,2016-03-09T05:00:00.000Z
TOTENV_1,Deaths attributable to the environment,numeric,AMR,Americas,Country,USA,United States of America,Year,2012,true,Cause,Noncommunicable diseases,ENVCAUSE_ENVCAUSE060,,,,,,,,,,236052,,,,,,236 052,,,EN,2016-03-09T05:00:00.000Z
TOTENV_1,Deaths attributable to the environment,numeric,EUR,Europe,Country,ISL,Iceland,Year,2012,true,Cause,Injuries,ENVCAUSE_ENVCAUSE151,,,,,,,,,,24,,,,,,24,,,EN,2016-03-09T05:00:00.000Z
TOTENV_1,Deaths attributable to the environment,numeric,WPR,Western Pacific,Country,MHL,Marshall Islands,Year,2012,true,Cause,Noncommunicable diseases,ENVCAUSE_ENVCAUSE060,,,,,,,,,,24,,,,,,24,,,EN,2016-03-09T05:00:00.000Z
TOTENV_1,Deaths attributable to the environment,numeric,WPR,Western Pacific,Country,FSM,Micronesia (Federated States of),Year,2012,true,Cause,"Infectious, parasitic, neonatal and nutritional",ENVCAUSE_ENVCAUSE001,,,,,,,,,,24,,,,,,24,,,EN,2016-03-09T05:00:00.000Z
TOTENV_1,Deaths attributable to the environment,numeric,EUR,Europe,Country,MCO,Monaco,Year,2012,true,Cause,Total,ENVCAUSE_ENVCAUSE000,,,,,,,,,,24,,,,,,24,,,EN,2016-03-09T05:00:00.000Z
TOTENV_1,Deaths attributable to the environment,numeric,EUR,Europe,Country,MKD,North Macedonia,Year,2012,true,Cause,"Infectious, parasitic, neonatal and nutritional",ENVCAUSE_ENVCAUSE001,,,,,,,,,,24,,,,,,24,,,EN,2016-03-09T05:00:00.000Z
TOTENV_1,Deaths attributable to the environment,numeric,AFR,Africa,Country,BFA,Burkina Faso,Year,2012,true,Cause,"Infectious, parasitic, neonatal and nutritional",ENVCAUSE_ENVCAUSE001,,,,,,,,,,24035,,,,,,24 035,,,EN,2016-03-09T05:00:00.000Z
TOTENV_1,Deaths attributable to the environment,numeric,AFR,Africa,Country,SLE,Sierra Leone,Year,2012,true,Cause,Total,ENVCAUSE_ENVCAUSE000,,,,,,,,,,24370,,,,,,24 370,,,EN,2016-03-09T05:00:00.000Z
TOTENV_1,Deaths attributable to the environment,numeric,AFR,Africa,Country,DZA,Algeria,Year,2012,true,Cause,Noncommunicable diseases,ENVCAUSE_ENVCAUSE060,,,,,,,,,,24914,,,,,,24 914,,,EN,2016-03-09T05:00:00.000Z
TOTENV_1,Deaths attributable to the environment,numeric,EUR,Europe,Country,KAZ,Kazakhstan,Year,2012,true,Cause,Noncommunicable diseases,ENVCAUSE_ENVCAUSE060,,,,,,,,,,24996,,,,,,24 996,,,EN,2016-03-09T05:00:00.000Z
TOTENV_1,Deaths attributable to the environment,numeric,WPR,Western Pacific,Country,VUT,Vanuatu,Year,2012,true,Cause,Total,ENVCAUSE_ENVCAUSE000,,,,,,,,,,241,,,,,,241,,,EN,2016-03-09T05:00:00.000Z
TOTENV_1,Deaths attributable to the environment,numeric,WPR,Western Pacific,Country,IDN,Indonesia,Year,2012,true,Cause,Noncommunicable diseases,ENVCAUSE_ENVCAUSE060,,,,,,,,,,247738,,,,,,247 738,,,EN,2016-03-09T05:00:00.000Z
TOTENV_1,Deaths attributable to the environment,numeric,AFR,Africa,Country,COD,Democratic Republic of the Congo,Year,2012,true,Cause,Total,ENVCAUSE_ENVCAUSE000,,,,,,,,,,247832,,,,,,247 832,,,EN,2016-03-09T05:00:00.000Z
TOTENV_1,Deaths attributable to the environment,numeric,AMR,Americas,Country,VEN,Venezuela (Bolivarian Republic of),Year,2012,true,Cause,Total,ENVCAUSE_ENVCAUSE000,,,,,,,,,,25902,,,,,,25 902,,,EN,2016-03-09T05:00:00.000Z
TOTENV_1,Deaths attributable to the environment,numeric,WPR,Western Pacific,Country,MYS,Malaysia,Year,2012,true,Cause,Total,ENVCAUSE_ENVCAUSE000,,,,,,,,,,25941,,,,,,25 941,,,EN,2016-03-09T05:00:00.000Z
TOTENV_1,Deaths attributable to the environment,numeric,EMR,Eastern Mediterranean,Country,KWT,Kuwait,Year,2012,true,Cause,Injuries,ENVCAUSE_ENVCAUSE151,,,,,,,,,,255,,,,,,255,,,EN,2016-03-09T05:00:00.000Z
TOTENV_1,Deaths attributable to the environment,numeric,EUR,Europe,Country,LVA,Latvia,Year,2012,true,Cause,"Infectious, parasitic, neonatal and nutritional",ENVCAUSE_ENVCAUSE001,,,,,,,,,,26,,,,,,26,,,EN,2016-03-09T05:00:00.000Z
TOTENV_1,Deaths attributable to the environment,numeric,WPR,Western Pacific,Country,FSM,Micronesia (Federated States of),Year,2012,true,Cause,Injuries,ENVCAUSE_ENVCAUSE151,,,,,,,,,,26,,,,,,26,,,EN,2016-03-09T05:00:00.000Z
TOTENV_1,Deaths attributable to the environment,numeric,SEAR,South-East Asia,Country,LKA,Sri Lanka,Year,2012,true,Cause,Noncommunicable diseases,ENVCAUSE_ENVCAUSE060,,,,,,,,,,26274,,,,,,26 274,,,EN,2016-03-09T05:00:00.000Z
TOTENV_1,Deaths attributable to the environment,numeric,AMR,Americas,Country,CAN,Canada,Year,2012,true,Cause,Total,ENVCAUSE_ENVCAUSE000,,,,,,,,,,26343,,,,,,26 343,,,EN,2016-03-09T05:00:00.000Z
TOTENV_1,Deaths attributable to the environment,numeric,AFR,Africa,Country,ZWE,Zimbabwe,Year,2012,true,Cause,Total,ENVCAUSE_ENVCAUSE000,,,,,,,,,,26394,,,,,,26 394,,,EN,2016-03-09T05:00:00.000Z
TOTENV_1,Deaths attributable to the environment,numeric,AMR,Americas,Country,CHL,Chile,Year,2012,true,Cause,"Infectious, parasitic, neonatal and nutritional",ENVCAUSE_ENVCAUSE001,,,,,,,,,,262,,,,,,262,,,EN,2016-03-09T05:00:00.000Z
TOTENV_1,Deaths attributable to the environment,numeric,AMR,Americas,Country,KNA,Saint Kitts and Nevis,Year,2012,true,Cause,Noncommunicable diseases,ENVCAUSE_ENVCAUSE060,,,,,,,,,,27,,,,,,27,,,EN,2016-03-09T05:00:00.000Z
TOTENV_1,Deaths attributable to the environment,numeric,AFR,Africa,Country,SSD,South Sudan,Year,2012,true,Cause,Total,ENVCAUSE_ENVCAUSE000,,,,,,,,,,27482,,,,,,27 482,,,EN,2016-03-09T05:00:00.000Z
TOTENV_1,Deaths attributable to the environment,numeric,AFR,Africa,Country,MLI,Mali,Year,2012,true,Cause,"Infectious, parasitic, neonatal and nutritional",ENVCAUSE_ENVCAUSE001,,,,,,,,,,27931,,,,,,27 931,,,EN,2016-03-09T05:00:00.000Z
TOTENV_1,Deaths attributable to the environment,numeric,SEAR,South-East Asia,Country,NPL,Nepal,Year,2012,true,Cause,Noncommunicable diseases,ENVCAUSE_ENVCAUSE060,,,,,,,,,,28508,,,,,,28 508,,,EN,2016-03-09T05:00:00.000Z
TOTENV_1,Deaths attributable to the environment,numeric,AFR,Africa,Country,GIN,Guinea,Year,2012,true,Cause,Total,ENVCAUSE_ENVCAUSE000,,,,,,,,,,28747,,,,,,28 747,,,EN,2016-03-09T05:00:00.000Z
TOTENV_1,Deaths attributable to the environment,numeric,AMR,Americas,Country,USA,United States of America,Year,2012,true,Cause,Total,ENVCAUSE_ENVCAUSE000,,,,,,,,,,282510,,,,,,282 510,,,EN,2016-03-09T05:00:00.000Z
TOTENV_1,Deaths attributable to the environment,numeric,AMR,Americas,Country,TTO,Trinidad and Tobago,Year,2012,true,Cause,Injuries,ENVCAUSE_ENVCAUSE151,,,,,,,,,,286,,,,,,286,,,EN,2016-03-09T05:00:00.000Z
TOTENV_1,Deaths attributable to the environment,numeric,EMR,Eastern Mediterranean,Country,AFG,Afghanistan,Year,2012,true,Cause,"Infectious, parasitic, neonatal and nutritional",ENVCAUSE_ENVCAUSE001,,,,,,,,,,29571,,,,,,29 571,,,EN,2016-03-09T05:00:00.000Z
TOTENV_1,Deaths attributable to the environment,numeric,AFR,Africa,Country,BDI,Burundi,Year,2012,true,Cause,Total,ENVCAUSE_ENVCAUSE000,,,,,,,,,,29580,,,,,,29 580,,,EN,2016-03-09T05:00:00.000Z
TOTENV_1,Deaths attributable to the environment,numeric,EUR,Europe,Country,POL,Poland,Year,2012,true,Cause,"Infectious, parasitic, neonatal and nutritional",ENVCAUSE_ENVCAUSE001,,,,,,,,,,292,,,,,,292,,,EN,2016-03-09T05:00:00.000Z
TOTENV_1,Deaths attributable to the environment,numeric,SEAR,South-East Asia,Country,TLS,Timor-Leste,Year,2012,true,Cause,Injuries,ENVCAUSE_ENVCAUSE151,,,,,,,,,,296,,,,,,296,,,EN,2016-03-09T05:00:00.000Z
TOTENV_1,Deaths attributable to the environment,numeric,EUR,Europe,Country,RUS,Russian Federation,Year,2012,true,Cause,Noncommunicable diseases,ENVCAUSE_ENVCAUSE060,,,,,,,,,,296462,,,,,,296 462,,,EN,2016-03-09T05:00:00.000Z
TOTENV_1,Deaths attributable to the environment,numeric,WPR,Western Pacific,Country,TUV,Tuvalu,Year,2012,true,Cause,Injuries,ENVCAUSE_ENVCAUSE151,,,,,,,,,,3,,,,,,3,,,EN,2016-03-09T05:00:00.000Z
TOTENV_1,Deaths attributable to the environment,numeric,AFR,Africa,Country,ERI,Eritrea,Year,2012,true,Cause,Noncommunicable diseases,ENVCAUSE_ENVCAUSE060,,,,,,,,,,3006,,,,,,3 006,,,EN,2016-03-09T05:00:00.000Z
TOTENV_1,Deaths attributable to the environment,numeric,AFR,Africa,Country,CAF,Central African Republic,Year,2012,true,Cause,Noncommunicable diseases,ENVCAUSE_ENVCAUSE060,,,,,,,,,,3021,,,,,,3 021,,,EN,2016-03-09T05:00:00.000Z
TOTENV_1,Deaths attributable to the environment,numeric,AMR,Americas,Country,CRI,Costa Rica,Year,2012,true,Cause,Total,ENVCAUSE_ENVCAUSE000,,,,,,,,,,3099,,,,,,3 099,,,EN,2016-03-09T05:00:00.000Z
TOTENV_1,Deaths attributable to the environment,numeric,WPR,Western Pacific,Country,SGP,Singapore,Year,2012,true,Cause,Total,ENVCAUSE_ENVCAUSE000,,,,,,,,,,3110,,,,,,3 110,,,EN,2016-03-09T05:00:00.000Z
TOTENV_1,Deaths attributable to the environment,numeric,AMR,Americas,Country,URY,Uruguay,Year,2012,true,Cause,Total,ENVCAUSE_ENVCAUSE000,,,,,,,,,,3119,,,,,,3 119,,,EN,2016-03-09T05:00:00.000Z
TOTENV_1,Deaths attributable to the environment,numeric,WPR,Western Pacific,Country,NZL,New Zealand,Year,2012,true,Cause,Total,ENVCAUSE_ENVCAUSE000,,,,,,,,,,3137,,,,,,3 137,,,EN,2016-03-09T05:00:00.000Z
TOTENV_1,Deaths attributable to the environment,numeric,EMR,Eastern Mediterranean,Country,JOR,Jordan,Year,2012,true,Cause,Noncommunicable diseases,ENVCAUSE_ENVCAUSE060,,,,,,,,,,3181,,,,,,3 181,,,EN,2016-03-09T05:00:00.000Z
TOTENV_1,Deaths attributable to the environment,numeric,EUR,Europe,Country,MKD,North Macedonia,Year,2012,true,Cause,Noncommunicable diseases,ENVCAUSE_ENVCAUSE060,,,,,,,,,,3199,,,,,,3 199,,,EN,2016-03-09T05:00:00.000Z
TOTENV_1,Deaths attributable to the environment,numeric,EMR,Eastern Mediterranean,Country,LBN,Lebanon,Year,2012,true,Cause,Noncommunicable diseases,ENVCAUSE_ENVCAUSE060,,,,,,,,,,3232,,,,,,3 232,,,EN,2016-03-09T05:00:00.000Z
TOTENV_1,Deaths attributable to the environment,numeric,EUR,Europe,Country,ROU,Romania,Year,2012,true,Cause,Injuries,ENVCAUSE_ENVCAUSE151,,,,,,,,,,3245,,,,,,3 245,,,EN,2016-03-09T05:00:00.000Z
TOTENV_1,Deaths attributable to the environment,numeric,WPR,Western Pacific,Country,PNG,Papua New Guinea,Year,2012,true,Cause,Noncommunicable diseases,ENVCAUSE_ENVCAUSE060,,,,,,,,,,3247,,,,,,3 247,,,EN,2016-03-09T05:00:00.000Z
TOTENV_1,Deaths attributable to the environment,numeric,EUR,Europe,Country,ESP,Spain,Year,2012,true,Cause,Injuries,ENVCAUSE_ENVCAUSE151,,,,,,,,,,3304,,,,,,3 304,,,EN,2016-03-09T05:00:00.000Z
TOTENV_1,Deaths attributable to the environment,numeric,EUR,Europe,Country,NOR,Norway,Year,2012,true,Cause,Noncommunicable diseases,ENVCAUSE_ENVCAUSE060,,,,,,,,,,3306,,,,,,3 306,,,EN,2016-03-09T05:00:00.000Z
TOTENV_1,Deaths attributable to the environment,numeric,EUR,Europe,Country,MKD,North Macedonia,Year,2012,true,Cause,Total,ENVCAUSE_ENVCAUSE000,,,,,,,,,,3399,,,,,,3 399,,,EN,2016-03-09T05:00:00.000Z
TOTENV_1,Deaths attributable to the environment,numeric,EUR,Europe,Country,UZB,Uzbekistan,Year,2012,true,Cause,"Infectious, parasitic, neonatal and nutritional",ENVCAUSE_ENVCAUSE001,,,,,,,,,,3399,,,,,,3 399,,,EN,2016-03-09T05:00:00.000Z
TOTENV_1,Deaths attributable to the environment,numeric,EUR,Europe,Country,IRL,Ireland,Year,2012,true,Cause,Total,ENVCAUSE_ENVCAUSE000,,,,,,,,,,3401,,,,,,3 401,,,EN,2016-03-09T05:00:00.000Z
TOTENV_1,Deaths attributable to the environment,numeric,EMR,Eastern Mediterranean,Country,SAU,Saudi Arabia,Year,2012,true,Cause,Injuries,ENVCAUSE_ENVCAUSE151,,,,,,,,,,3425,,,,,,3 425,,,EN,2016-03-09T05:00:00.000Z
TOTENV_1,Deaths attributable to the environment,numeric,AFR,Africa,Country,GMB,Gambia,Year,2012,true,Cause,Total,ENVCAUSE_ENVCAUSE000,,,,,,,,,,3441,,,,,,3 441,,,EN,2016-03-09T05:00:00.000Z
TOTENV_1,Deaths attributable to the environment,numeric,EMR,Eastern Mediterranean,Country,LBY,Libya,Year,2012,true,Cause,Noncommunicable diseases,ENVCAUSE_ENVCAUSE060,,,,,,,,,,3571,,,,,,3 571,,,EN,2016-03-09T05:00:00.000Z
TOTENV_1,Deaths attributable to the environment,numeric,AFR,Africa,Country,BEN,Benin,Year,2012,true,Cause,Injuries,ENVCAUSE_ENVCAUSE151,,,,,,,,,,3579,,,,,,3 579,,,EN,2016-03-09T05:00:00.000Z
TOTENV_1,Deaths attributable to the environment,numeric,AMR,Americas,Country,CAN,Canada,Year,2012,true,Cause,Injuries,ENVCAUSE_ENVCAUSE151,,,,,,,,,,3615,,,,,,3 615,,,EN,2016-03-09T05:00:00.000Z
TOTENV_1,Deaths attributable to the environment,numeric,AMR,Americas,Country,GTM,Guatemala,Year,2012,true,Cause,"Infectious, parasitic, neonatal and nutritional",ENVCAUSE_ENVCAUSE001,,,,,,,,,,3679,,,,,,3 679,,,EN,2016-03-09T05:00:00.000Z
TOTENV_1,Deaths attributable to the environment,numeric,AFR,Africa,Country,SEN,Senegal,Year,2012,true,Cause,Injuries,ENVCAUSE_ENVCAUSE151,,,,,,,,,,3697,,,,,,3 697,,,EN,2016-03-09T05:00:00.000Z
TOTENV_1,Deaths attributable to the environment,numeric,AFR,Africa,Country,SLE,Sierra Leone,Year,2012,true,Cause,Injuries,ENVCAUSE_ENVCAUSE151,,,,,,,,,,3757,,,,,,3 757,,,EN,2016-03-09T05:00:00.000Z
TOTENV_1,Deaths attributable to the environment,numeric,AFR,Africa,Country,DZA,Algeria,Year,2012,true,Cause,"Infectious, parasitic, neonatal and nutritional",ENVCAUSE_ENVCAUSE001,,,,,,,,,,3806,,,,,,3 806,,,EN,2016-03-09T05:00:00.000Z
TOTENV_1,Deaths attributable to the environment,numeric,EUR,Europe,Country,BLR,Belarus,Year,2012,true,Cause,Injuries,ENVCAUSE_ENVCAUSE151,,,,,,,,,,3807,,,,,,3 807,,,EN,2016-03-09T05:00:00.000Z
TOTENV_1,Deaths attributable to the environment,numeric,AMR,Americas,Country,GTM,Guatemala,Year,2012,true,Cause,Injuries,ENVCAUSE_ENVCAUSE151,,,,,,,,,,3822,,,,,,3 822,,,EN,2016-03-09T05:00:00.000Z
TOTENV_1,Deaths attributable to the environment,numeric,AFR,Africa,Country,TGO,Togo,Year,2012,true,Cause,Noncommunicable diseases,ENVCAUSE_ENVCAUSE060,,,,,,,,,,3826,,,,,,3 826,,,EN,2016-03-09T05:00:00.000Z
TOTENV_1,Deaths attributable to the environment,numeric,AMR,Americas,Country,BOL,Bolivia (Plurinational State of),Year,2012,true,Cause,Injuries,ENVCAUSE_ENVCAUSE151,,,,,,,,,,3837,,,,,,3 837,,,EN,2016-03-09T05:00:00.000Z
TOTENV_1,Deaths attributable to the environment,numeric,EUR,Europe,Country,NOR,Norway,Year,2012,true,Cause,Total,ENVCAUSE_ENVCAUSE000,,,,,,,,,,3909,,,,,,3 909,,,EN,2016-03-09T05:00:00.000Z
TOTENV_1,Deaths attributable to the environment,numeric,WPR,Western Pacific,Country,MNG,Mongolia,Year,2012,true,Cause,Noncommunicable diseases,ENVCAUSE_ENVCAUSE060,,,,,,,,,,3954,,,,,,3 954,,,EN,2016-03-09T05:00:00.000Z
TOTENV_1,Deaths attributable to the environment,numeric,AMR,Americas,Country,NIC,Nicaragua,Year,2012,true,Cause,Noncommunicable diseases,ENVCAUSE_ENVCAUSE060,,,,,,,,,,3958,,,,,,3 958,,,EN,2016-03-09T05:00:00.000Z
TOTENV_1,Deaths attributable to the environment,numeric,EMR,Eastern Mediterranean,Country,LBN,Lebanon,Year,2012,true,Cause,Total,ENVCAUSE_ENVCAUSE000,,,,,,,,,,3964,,,,,,3 964,,,EN,2016-03-09T05:00:00.000Z
TOTENV_1,Deaths attributable to the environment,numeric,EMR,Eastern Mediterranean,Country,MAR,Morocco,Year,2012,true,Cause,"Infectious, parasitic, neonatal and nutritional",ENVCAUSE_ENVCAUSE001,,,,,,,,,,3966,,,,,,3 966,,,EN,2016-03-09T05:00:00.000Z
TOTENV_1,Deaths attributable to the environment,numeric,AFR,Africa,Country,MRT,Mauritania,Year,2012,true,Cause,"Infectious, parasitic, neonatal and nutritional",ENVCAUSE_ENVCAUSE001,,,,,,,,,,3992,,,,,,3 992,,,EN,2016-03-09T05:00:00.000Z
TOTENV_1,Deaths attributable to the environment,numeric,AFR,Africa,Country,CMR,Cameroon,Year,2012,true,Cause,"Infectious, parasitic, neonatal and nutritional",ENVCAUSE_ENVCAUSE001,,,,,,,,,,30628,,,,,,30 628,,,EN,2016-03-09T05:00:00.000Z
TOTENV_1,Deaths attributable to the environment,numeric,AFR,Africa,Country,CIV,Cote d'Ivoire,Year,2012,true,Cause,"Infectious, parasitic, neonatal and nutritional",ENVCAUSE_ENVCAUSE001,,,,,,,,,,30828,,,,,,30 828,,,EN,2016-03-09T05:00:00.000Z
TOTENV_1,Deaths attributable to the environment,numeric,AMR,Americas,Country,ARG,Argentina,Year,2012,true,Cause,Noncommunicable diseases,ENVCAUSE_ENVCAUSE060,,,,,,,,,,30920,,,,,,30 920,,,EN,2016-03-09T05:00:00.000Z
TOTENV_1,Deaths attributable to the environment,numeric,EMR,Eastern Mediterranean,Country,LBY,Libya,Year,2012,true,Cause,"Infectious, parasitic, neonatal and nutritional",ENVCAUSE_ENVCAUSE001,,,,,,,,,,300,,,,,,300,,,EN,2016-03-09T05:00:00.000Z
TOTENV_1,Deaths attributable to the environment,numeric,WPR,Western Pacific,Country,KIR,Kiribati,Year,2012,true,Cause,Injuries,ENVCAUSE_ENVCAUSE151,,,,,,,,,,31,,,,,,31,,,EN,2016-03-09T05:00:00.000Z
TOTENV_1,Deaths attributable to the environment,numeric,AFR,Africa,Country,SYC,Seychelles,Year,2012,true,Cause,Injuries,ENVCAUSE_ENVCAUSE151,,,,,,,,,,31,,,,,,31,,,EN,2016-03-09T05:00:00.000Z
TOTENV_1,Deaths attributable to the environment,numeric,AFR,Africa,Country,ETH,Ethiopia,Year,2012,true,Cause,Injuries,ENVCAUSE_ENVCAUSE151,,,,,,,,,,31007,,,,,,31 007,,,EN,2016-03-09T05:00:00.000Z
TOTENV_1,Deaths attributable to the environment,numeric,EUR,Europe,Country,KAZ,Kazakhstan,Year,2012,true,Cause,Total,ENVCAUSE_ENVCAUSE000,,,,,,,,,,31265,,,,,,31 265,,,EN,2016-03-09T05:00:00.000Z
TOTENV_1,Deaths attributable to the environment,numeric,EMR,Eastern Mediterranean,Country,YEM,Yemen,Year,2012,true,Cause,Total,ENVCAUSE_ENVCAUSE000,,,,,,,,,,31317,,,,,,31 317,,,EN,2016-03-09T05:00:00.000Z
TOTENV_1,Deaths attributable to the environment,numeric,AFR,Africa,Country,NGA,Nigeria,Year,2012,true,Cause,"Infectious, parasitic, neonatal and nutritional",ENVCAUSE_ENVCAUSE001,,,,,,,,,,312269,,,,,,312 269,,,EN,2016-03-09T05:00:00.000Z
TOTENV_1,Deaths attributable to the environment,numeric,EMR,Eastern Mediterranean,Country,DJI,Djibouti,Year,2012,true,Cause,Injuries,ENVCAUSE_ENVCAUSE151,,,,,,,,,,316,,,,,,316,,,EN,2016-03-09T05:00:00.000Z
TOTENV_1,Deaths attributable to the environment,numeric,AMR,Americas,Country,GUY,Guyana,Year,2012,true,Cause,Injuries,ENVCAUSE_ENVCAUSE151,,,,,,,,,,317,,,,,,317,,,EN,2016-03-09T05:00:00.000Z
TOTENV_1,Deaths attributable to the environment,numeric,EUR,Europe,Country,HRV,Croatia,Year,2012,true,Cause,"Infectious, parasitic, neonatal and nutritional",ENVCAUSE_ENVCAUSE001,,,,,,,,,,32,,,,,,32,,,EN,2016-03-09T05:00:00.000Z
TOTENV_1,Deaths attributable to the environment,numeric,WPR,Western Pacific,Country,KIR,Kiribati,Year,2012,true,Cause,"Infectious, parasitic, neonatal and nutritional",ENVCAUSE_ENVCAUSE001,,,,,,,,,,32,,,,,,32,,,EN,2016-03-09T05:00:00.000Z
TOTENV_1,Deaths attributable to the environment,numeric,EMR,Eastern Mediterranean,Country,MAR,Morocco,Year,2012,true,Cause,Total,ENVCAUSE_ENVCAUSE000,,,,,,,,,,32276,,,,,,32 276,,,EN,2016-03-09T05:00:00.000Z
TOTENV_1,Deaths attributable to the environment,numeric,AFR,Africa,Country,TCD,Chad,Year,2012,true,Cause,"Infectious, parasitic, neonatal and nutritional",ENVCAUSE_ENVCAUSE001,,,,,,,,,,32543,,,,,,32 543,,,EN,2016-03-09T05:00:00.000Z
TOTENV_1,Deaths attributable to the environment,numeric,WPR,Western Pacific,Country,KOR,Republic of Korea,Year,2012,true,Cause,Noncommunicable diseases,ENVCAUSE_ENVCAUSE060,,,,,,,,,,32678,,,,,,32 678,,,EN,2016-03-09T05:00:00.000Z
TOTENV_1,Deaths attributable to the environment,numeric,WPR,Western Pacific,Country,SLB,Solomon Islands,Year,2012,true,Cause,Noncommunicable diseases,ENVCAUSE_ENVCAUSE060,,,,,,,,,,322,,,,,,322,,,EN,2016-03-09T05:00:00.000Z
TOTENV_1,Deaths attributable to the environment,numeric,WPR,Western Pacific,Country,CHN,China,Year,2012,true,Cause,Injuries,ENVCAUSE_ENVCAUSE151,,,,,,,,,,324232,,,,,,324 232,,,EN,2016-03-09T05:00:00.000Z
TOTENV_1,Deaths attributable to the environment,numeric,EMR,Eastern Mediterranean,Country,BHR,Bahrain,Year,2012,true,Cause,Noncommunicable diseases,ENVCAUSE_ENVCAUSE060,,,,,,,,,,327,,,,,,327,,,EN,2016-03-09T05:00:00.000Z
TOTENV_1,Deaths attributable to the environment,numeric,AFR,Africa,Country,COM,Comoros,Year,2012,true,Cause,Injuries,ENVCAUSE_ENVCAUSE151,,,,,,,,,,328,,,,,,328,,,EN,2016-03-09T05:00:00.000Z
TOTENV_1,Deaths attributable to the environment,numeric,AFR,Africa,Country,MWI,Malawi,Year,2012,true,Cause,Total,ENVCAUSE_ENVCAUSE000,,,,,,,,,,33066,,,,,,33 066,,,EN,2016-03-09T05:00:00.000Z
TOTENV_1,Deaths attributable to the environment,numeric,AFR,Africa,Country,ZMB,Zambia,Year,2012,true,Cause,Total,ENVCAUSE_ENVCAUSE000,,,,,,,,,,33235,,,,,,33 235,,,EN,2016-03-09T05:00:00.000Z
TOTENV_1,Deaths attributable to the environment,numeric,EMR,Eastern Mediterranean,Country,SDN,Sudan,Year,2012,true,Cause,"Infectious, parasitic, neonatal and nutritional",ENVCAUSE_ENVCAUSE001,,,,,,,,,,33809,,,,,,33 809,,,EN,2016-03-09T05:00:00.000Z
TOTENV_1,Deaths attributable to the environment,numeric,EMR,Eastern Mediterranean,Country,QAT,Qatar,Year,2012,true,Cause,Noncommunicable diseases,ENVCAUSE_ENVCAUSE060,,,,,,,,,,330,,,,,,330,,,EN,2016-03-09T05:00:00.000Z
TOTENV_1,Deaths attributable to the environment,numeric,EMR,Eastern Mediterranean,Country,PAK,Pakistan,Year,2012,true,Cause,Total,ENVCAUSE_ENVCAUSE000,,,,,,,,,,331181,,,,,,331 181,,,EN,2016-03-09T05:00:00.000Z
TOTENV_1,Deaths attributable to the environment,numeric,AMR,Americas,Country,LCA,Saint Lucia,Year,2012,true,Cause,Injuries,ENVCAUSE_ENVCAUSE151,,,,,,,,,,34,,,,,,34,,,EN,2016-03-09T05:00:00.000Z
TOTENV_1,Deaths attributable to the environment,numeric,WPR,Western Pacific,Country,WSM,Samoa,Year,2012,true,Cause,Injuries,ENVCAUSE_ENVCAUSE151,,,,,,,,,,34,,,,,,34,,,EN,2016-03-09T05:00:00.000Z
TOTENV_1,Deaths attributable to the environment,numeric,AFR,Africa,Country,NER,Niger,Year,2012,true,Cause,"Infectious, parasitic, neonatal and nutritional",ENVCAUSE_ENVCAUSE001,,,,,,,,,,34101,,,,,,34 101,,,EN,2016-03-09T05:00:00.000Z
TOTENV_1,Deaths attributable to the environment,numeric,EMR,Eastern Mediterranean,Country,SOM,Somalia,Year,2012,true,Cause,Total,ENVCAUSE_ENVCAUSE000,,,,,,,,,,34196,,,,,,34 196,,,EN,2016-03-09T05:00:00.000Z
TOTENV_1,Deaths attributable to the environment,numeric,AMR,Americas,Country,COL,Colombia,Year,2012,true,Cause,Total,ENVCAUSE_ENVCAUSE000,,,,,,,,,,34297,,,,,,34 297,,,EN,2016-03-09T05:00:00.000Z
TOTENV_1,Deaths attributable to the environment,numeric,EMR,Eastern Mediterranean,Country,IRQ,Iraq,Year,2012,true,Cause,Total,ENVCAUSE_ENVCAUSE000,,,,,,,,,,34557,,,,,,34 557,,,EN,2016-03-09T05:00:00.000Z
TOTENV_1,Deaths attributable to the environment,numeric,SEAR,South-East Asia,Country,LKA,Sri Lanka,Year,2012,true,Cause,Total,ENVCAUSE_ENVCAUSE000,,,,,,,,,,34915,,,,,,34 915,,,EN,2016-03-09T05:00:00.000Z
TOTENV_1,Deaths attributable to the environment,numeric,EUR,Europe,Country,LUX,Luxembourg,Year,2012,true,Cause,Noncommunicable diseases,ENVCAUSE_ENVCAUSE060,,,,,,,,,,347,,,,,,347,,,EN,2016-03-09T05:00:00.000Z
TOTENV_1,Deaths attributable to the environment,numeric,EUR,Europe,Country,RUS,Russian Federation,Year,2012,true,Cause,Total,ENVCAUSE_ENVCAUSE000,,,,,,,,,,349811,,,,,,349 811,,,EN,2016-03-09T05:00:00.000Z
TOTENV_1,Deaths attributable to the environment,numeric,WPR,Western Pacific,Country,IDN,Indonesia,Year,2012,true,Cause,Total,ENVCAUSE_ENVCAUSE000,,,,,,,,,,349872,,,,,,349 872,,,EN,2016-03-09T05:00:00.000Z
TOTENV_1,Deaths attributable to the environment,numeric,AFR,Africa,Country,ZAF,South Africa,Year,2012,true,Cause,Noncommunicable diseases,ENVCAUSE_ENVCAUSE060,,,,,,,,,,35595,,,,,,35 595,,,EN,2016-03-09T05:00:00.000Z
TOTENV_1,Deaths attributable to the environment,numeric,EUR,Europe,Country,UZB,Uzbekistan,Year,2012,true,Cause,Noncommunicable diseases,ENVCAUSE_ENVCAUSE060,,,,,,,,,,35865,,,,,,35 865,,,EN,2016-03-09T05:00:00.000Z
TOTENV_1,Deaths attributable to the environment,numeric,EUR,Europe,Country,LVA,Latvia,Year,2012,true,Cause,Injuries,ENVCAUSE_ENVCAUSE151,,,,,,,,,,356,,,,,,356,,,EN,2016-03-09T05:00:00.000Z
TOTENV_1,Deaths attributable to the environment,numeric,EUR,Europe,Country,SVN,Slovenia,Year,2012,true,Cause,Injuries,ENVCAUSE_ENVCAUSE151,,,,,,,,,,356,,,,,,356,,,EN,2016-03-09T05:00:00.000Z
TOTENV_1,Deaths attributable to the environment,numeric,AFR,Africa,Country,DZA,Algeria,Year,2012,true,Cause,Total,ENVCAUSE_ENVCAUSE000,,,,,,,,,,36718,,,,,,36 718,,,EN,2016-03-09T05:00:00.000Z
TOTENV_1,Deaths attributable to the environment,numeric,WPR,Western Pacific,Country,NZL,New Zealand,Year,2012,true,Cause,Injuries,ENVCAUSE_ENVCAUSE151,,,,,,,,,,369,,,,,,369,,,EN,2016-03-09T05:00:00.000Z
TOTENV_1,Deaths attributable to the environment,numeric,WPR,Western Pacific,Country,BRN,Brunei Darussalam,Year,2012,true,Cause,Injuries,ENVCAUSE_ENVCAUSE151,,,,,,,,,,37,,,,,,37,,,EN,2016-03-09T05:00:00.000Z
TOTENV_1,Deaths attributable to the environment,numeric,AMR,Americas,Country,KNA,Saint Kitts and Nevis,Year,2012,true,Cause,Total,ENVCAUSE_ENVCAUSE000,,,,,,,,,,37,,,,,,37,,,EN,2016-03-09T05:00:00.000Z
TOTENV_1,Deaths attributable to the environment,numeric,WPR,Western Pacific,Country,KOR,Republic of Korea,Year,2012,true,Cause,Total,ENVCAUSE_ENVCAUSE000,,,,,,,,,,37959,,,,,,37 959,,,EN,2016-03-09T05:00:00.000Z
TOTENV_1,Deaths attributable to the environment,numeric,AFR,Africa,Country,CPV,Cabo Verde,Year,2012,true,Cause,Noncommunicable diseases,ENVCAUSE_ENVCAUSE060,,,,,,,,,,370,,,,,,370,,,EN,2016-03-09T05:00:00.000Z
TOTENV_1,Deaths attributable to the environment,numeric,AFR,Africa,Country,ETH,Ethiopia,Year,2012,true,Cause,Noncommunicable diseases,ENVCAUSE_ENVCAUSE060,,,,,,,,,,38510,,,,,,38 510,,,EN,2016-03-09T05:00:00.000Z
TOTENV_1,Deaths attributable to the environment,numeric,AMR,Americas,Country,SUR,Suriname,Year,2012,true,Cause,Total,ENVCAUSE_ENVCAUSE000,,,,,,,,,,381,,,,,,381,,,EN,2016-03-09T05:00:00.000Z
TOTENV_1,Deaths attributable to the environment,numeric,AFR,Africa,Country,COD,Democratic Republic of the Congo,Year,2012,true,Cause,Injuries,ENVCAUSE_ENVCAUSE151,,,,,,,,,,39015,,,,,,39 015,,,EN,2016-03-09T05:00:00.000Z
TOTENV_1,Deaths attributable to the environment,numeric,SEAR,South-East Asia,Country,BGD,Bangladesh,Year,2012,true,Cause,Injuries,ENVCAUSE_ENVCAUSE151,,,,,,,,,,39573,,,,,,39 573,,,EN,2016-03-09T05:00:00.000Z
TOTENV_1,Deaths attributable to the environment,numeric,EUR,Europe,Country,ESP,Spain,Year,2012,true,Cause,Noncommunicable diseases,ENVCAUSE_ENVCAUSE060,,,,,,,,,,39831,,,,,,39 831,,,EN,2016-03-09T05:00:00.000Z
TOTENV_1,Deaths attributable to the environment,numeric,EUR,Europe,Country,IRL,Ireland,Year,2012,true,Cause,Injuries,ENVCAUSE_ENVCAUSE151,,,,,,,,,,390,,,,,,390,,,EN,2016-03-09T05:00:00.000Z
TOTENV_1,Deaths attributable to the environment,numeric,AFR,Africa,Country,GNQ,Equatorial Guinea,Year,2012,true,Cause,Injuries,ENVCAUSE_ENVCAUSE151,,,,,,,,,,391,,,,,,391,,,EN,2016-03-09T05:00:00.000Z
TOTENV_1,Deaths attributable to the environment,numeric,WPR,Western Pacific,Country,MNG,Mongolia,Year,2012,true,Cause,"Infectious, parasitic, neonatal and nutritional",ENVCAUSE_ENVCAUSE001,,,,,,,,,,395,,,,,,395,,,EN,2016-03-09T05:00:00.000Z
TOTENV_1,Deaths attributable to the environment,numeric,EUR,Europe,Country,MCO,Monaco,Year,2012,true,Cause,Injuries,ENVCAUSE_ENVCAUSE151,,,,,,,,,,4,,,,,,4,,,EN,2016-03-09T05:00:00.000Z
TOTENV_1,Deaths attributable to the environment,numeric,WPR,Western Pacific,Country,NRU,Nauru,Year,2012,true,Cause,Total,ENVCAUSE_ENVCAUSE000,,,,,,,,,,4,,,,,,4,,,EN,2016-03-09T05:00:00.000Z
TOTENV_1,Deaths attributable to the environment,numeric,EUR,Europe,Country,SMR,San Marino,Year,2012,true,Cause,Injuries,ENVCAUSE_ENVCAUSE151,,,,,,,,,,4,,,,,,4,,,EN,2016-03-09T05:00:00.000Z
TOTENV_1,Deaths attributable to the environment,numeric,EUR,Europe,Country,LVA,Latvia,Year,2012,true,Cause,Noncommunicable diseases,ENVCAUSE_ENVCAUSE060,,,,,,,,,,4022,,,,,,4 022,,,EN,2016-03-09T05:00:00.000Z
TOTENV_1,Deaths attributable to the environment,numeric,AFR,Africa,Country,RWA,Rwanda,Year,2012,true,Cause,Injuries,ENVCAUSE_ENVCAUSE151,,,,,,,,,,4042,,,,,,4 042,,,EN,2016-03-09T05:00:00.000Z
TOTENV_1,Deaths attributable to the environment,numeric,WPR,Western Pacific,Country,KHM,Cambodia,Year,2012,true,Cause,Injuries,ENVCAUSE_ENVCAUSE151,,,,,,,,,,4117,,,,,,4 117,,,EN,2016-03-09T05:00:00.000Z
TOTENV_1,Deaths attributable to the environment,numeric,AMR,Americas,Country,HND,Honduras,Year,2012,true,Cause,Noncommunicable diseases,ENVCAUSE_ENVCAUSE060,,,,,,,,,,4209,,,,,,4 209,,,EN,2016-03-09T05:00:00.000Z
TOTENV_1,Deaths attributable to the environment,numeric,EUR,Europe,Country,ISR,Israel,Year,2012,true,Cause,Noncommunicable diseases,ENVCAUSE_ENVCAUSE060,,,,,,,,,,4210,,,,,,4 210,,,EN,2016-03-09T05:00:00.000Z
TOTENV_1,Deaths attributable to the environment,numeric,WPR,Western Pacific,Country,KOR,Republic of Korea,Year,2012,true,Cause,Injuries,ENVCAUSE_ENVCAUSE151,,,,,,,,,,4263,,,,,,4 263,,,EN,2016-03-09T05:00:00.000Z
TOTENV_1,Deaths attributable to the environment,numeric,AMR,Americas,Country,SLV,El Salvador,Year,2012,true,Cause,Noncommunicable diseases,ENVCAUSE_ENVCAUSE060,,,,,,,,,,4320,,,,,,4 320,,,EN,2016-03-09T05:00:00.000Z
TOTENV_1,Deaths attributable to the environment,numeric,AMR,Americas,Country,ECU,Ecuador,Year,2012,true,Cause,Injuries,ENVCAUSE_ENVCAUSE151,,,,,,,,,,4330,,,,,,4 330,,,EN,2016-03-09T05:00:00.000Z
TOTENV_1,Deaths attributable to the environment,numeric,AMR,Americas,Country,PRY,Paraguay,Year,2012,true,Cause,Noncommunicable diseases,ENVCAUSE_ENVCAUSE060,,,,,,,,,,4333,,,,,,4 333,,,EN,2016-03-09T05:00:00.000Z
TOTENV_1,Deaths attributable to the environment,numeric,AFR,Africa,Country,LBR,Liberia,Year,2012,true,Cause,"Infectious, parasitic, neonatal and nutritional",ENVCAUSE_ENVCAUSE001,,,,,,,,,,4373,,,,,,4 373,,,EN,2016-03-09T05:00:00.000Z
TOTENV_1,Deaths attributable to the environment,numeric,EUR,Europe,Country,UZB,Uzbekistan,Year,2012,true,Cause,Injuries,ENVCAUSE_ENVCAUSE151,,,,,,,,,,4398,,,,,,4 398,,,EN,2016-03-09T05:00:00.000Z
TOTENV_1,Deaths attributable to the environment,numeric,EUR,Europe,Country,LVA,Latvia,Year,2012,true,Cause,Total,ENVCAUSE_ENVCAUSE000,,,,,,,,,,4404,,,,,,4 404,,,EN,2016-03-09T05:00:00.000Z
TOTENV_1,Deaths attributable to the environment,numeric,WPR,Western Pacific,Country,PNG,Papua New Guinea,Year,2012,true,Cause,"Infectious, parasitic, neonatal and nutritional",ENVCAUSE_ENVCAUSE001,,,,,,,,,,4495,,,,,,4 495,,,EN,2016-03-09T05:00:00.000Z
TOTENV_1,Deaths attributable to the environment,numeric,AFR,Africa,Country,ERI,Eritrea,Year,2012,true,Cause,"Infectious, parasitic, neonatal and nutritional",ENVCAUSE_ENVCAUSE001,,,,,,,,,,4597,,,,,,4 597,,,EN,2016-03-09T05:00:00.000Z
TOTENV_1,Deaths attributable to the environment,numeric,AFR,Africa,Country,GIN,Guinea,Year,2012,true,Cause,Injuries,ENVCAUSE_ENVCAUSE151,,,,,,,,,,4614,,,,,,4 614,,,EN,2016-03-09T05:00:00.000Z
TOTENV_1,Deaths attributable to the environment,numeric,EMR,Eastern Mediterranean,Country,IRN,Iran (Islamic Republic of),Year,2012,true,Cause,"Infectious, parasitic, neonatal and nutritional",ENVCAUSE_ENVCAUSE001,,,,,,,,,,4624,,,,,,4 624,,,EN,2016-03-09T05:00:00.000Z
TOTENV_1,Deaths attributable to the environment,numeric,EUR,Europe,Country,LTU,Lithuania,Year,2012,true,Cause,Noncommunicable diseases,ENVCAUSE_ENVCAUSE060,,,,,,,,,,4633,,,,,,4 633,,,EN,2016-03-09T05:00:00.000Z
TOTENV_1,Deaths attributable to the environment,numeric,EUR,Europe,Country,GBR,United Kingdom of Great Britain and Northern Ireland,Year,2012,true,Cause,Injuries,ENVCAUSE_ENVCAUSE151,,,,,,,,,,4714,,,,,,4 714,,,EN,2016-03-09T05:00:00.000Z
TOTENV_1,Deaths attributable to the environment,numeric,AFR,Africa,Country,LSO,Lesotho,Year,2012,true,Cause,Total,ENVCAUSE_ENVCAUSE000,,,,,,,,,,4752,,,,,,4 752,,,EN,2016-03-09T05:00:00.000Z
TOTENV_1,Deaths attributable to the environment,numeric,AFR,Africa,Country,ZWE,Zimbabwe,Year,2012,true,Cause,Injuries,ENVCAUSE_ENVCAUSE151,,,,,,,,,,4759,,,,,,4 759,,,EN,2016-03-09T05:00:00.000Z
TOTENV_1,Deaths attributable to the environment,numeric,EMR,Eastern Mediterranean,Country,JOR,Jordan,Year,2012,true,Cause,Total,ENVCAUSE_ENVCAUSE000,,,,,,,,,,4774,,,,,,4 774,,,EN,2016-03-09T05:00:00.000Z
TOTENV_1,Deaths attributable to the environment,numeric,EUR,Europe,Country,ISR,Israel,Year,2012,true,Cause,Total,ENVCAUSE_ENVCAUSE000,,,,,,,,,,4794,,,,,,4 794,,,EN,2016-03-09T05:00:00.000Z
TOTENV_1,Deaths attributable to the environment,numeric,EUR,Europe,Country,FIN,Finland,Year,2012,true,Cause,Noncommunicable diseases,ENVCAUSE_ENVCAUSE060,,,,,,,,,,4821,,,,,,4 821,,,EN,2016-03-09T05:00:00.000Z
TOTENV_1,Deaths attributable to the environment,numeric,EMR,Eastern Mediterranean,Country,SOM,Somalia,Year,2012,true,Cause,Noncommunicable diseases,ENVCAUSE_ENVCAUSE060,,,,,,,,,,4847,,,,,,4 847,,,EN,2016-03-09T05:00:00.000Z
TOTENV_1,Deaths attributable to the environment,numeric,AFR,Africa,Country,GNB,Guinea-Bissau,Year,2012,true,Cause,Total,ENVCAUSE_ENVCAUSE000,,,,,,,,,,4870,,,,,,4 870,,,EN,2016-03-09T05:00:00.000Z
TOTENV_1,Deaths attributable to the environment,numeric,AFR,Africa,Country,SLE,Sierra Leone,Year,2012,true,Cause,Noncommunicable diseases,ENVCAUSE_ENVCAUSE060,,,,,,,,,,4974,,,,,,4 974,,,EN,2016-03-09T05:00:00.000Z
TOTENV_1,Deaths attributable to the environment,numeric,SEAR,South-East Asia,Country,MDV,Maldives,Year,2012,true,Cause,Injuries,ENVCAUSE_ENVCAUSE151,,,,,,,,,,40,,,,,,40,,,EN,2016-03-09T05:00:00.000Z
TOTENV_1,Deaths attributable to the environment,numeric,AMR,Americas,Country,USA,United States of America,Year,2012,true,Cause,Injuries,ENVCAUSE_ENVCAUSE151,,,,,,,,,,40732,,,,,,40 732,,,EN,2016-03-09T05:00:00.000Z
TOTENV_1,Deaths attributable to the environment,numeric,AMR,Americas,Country,ARG,Argentina,Year,2012,true,Cause,Total,ENVCAUSE_ENVCAUSE000,,,,,,,,,,40951,,,,,,40 951,,,EN,2016-03-09T05:00:00.000Z
TOTENV_1,Deaths attributable to the environment,numeric,AMR,Americas,Country,SLV,El Salvador,Year,2012,true,Cause,"Infectious, parasitic, neonatal and nutritional",ENVCAUSE_ENVCAUSE001,,,,,,,,,,406,,,,,,406,,,EN,2016-03-09T05:00:00.000Z
TOTENV_1,Deaths attributable to the environment,numeric,EUR,Europe,Country,LUX,Luxembourg,Year,2012,true,Cause,Total,ENVCAUSE_ENVCAUSE000,,,,,,,,,,409,,,,,,409,,,EN,2016-03-09T05:00:00.000Z
TOTENV_1,Deaths attributable to the environment,numeric,AFR,Africa,Country,BFA,Burkina Faso,Year,2012,true,Cause,Total,ENVCAUSE_ENVCAUSE000,,,,,,,,,,41806,,,,,,41 806,,,EN,2016-03-09T05:00:00.000Z
TOTENV_1,Deaths attributable to the environment,numeric,AFR,Africa,Country,MDG,Madagascar,Year,2012,true,Cause,Total,ENVCAUSE_ENVCAUSE000,,,,,,,,,,41845,,,,,,41 845,,,EN,2016-03-09T05:00:00.000Z
TOTENV_1,Deaths attributable to the environment,numeric,EMR,Eastern Mediterranean,Country,JOR,Jordan,Year,2012,true,Cause,"Infectious, parasitic, neonatal and nutritional",ENVCAUSE_ENVCAUSE001,,,,,,,,,,417,,,,,,417,,,EN,2016-03-09T05:00:00.000Z
TOTENV_1,Deaths attributable to the environment,numeric,AFR,Africa,Country,SYC,Seychelles,Year,2012,true,Cause,Noncommunicable diseases,ENVCAUSE_ENVCAUSE060,,,,,,,,,,42,,,,,,42,,,EN,2016-03-09T05:00:00.000Z
TOTENV_1,Deaths attributable to the environment,numeric,WPR,Western Pacific,Country,VUT,Vanuatu,Year,2012,true,Cause,"Infectious, parasitic, neonatal and nutritional",ENVCAUSE_ENVCAUSE001,,,,,,,,,,42,,,,,,42,,,EN,2016-03-09T05:00:00.000Z
TOTENV_1,Deaths attributable to the environment,numeric,AFR,Africa,Country,ZAF,South Africa,Year,2012,true,Cause,"Infectious, parasitic, neonatal and nutritional",ENVCAUSE_ENVCAUSE001,,,,,,,,,,42071,,,,,,42 071,,,EN,2016-03-09T05:00:00.000Z
TOTENV_1,Deaths attributable to the environment,numeric,AFR,Africa,Country,MOZ,Mozambique,Year,2012,true,Cause,"Infectious, parasitic, neonatal and nutritional",ENVCAUSE_ENVCAUSE001,,,,,,,,,,42371,,,,,,42 371,,,EN,2016-03-09T05:00:00.000Z
TOTENV_1,Deaths attributable to the environment,numeric,EUR,Europe,Country,ISR,Israel,Year,2012,true,Cause,Injuries,ENVCAUSE_ENVCAUSE151,,,,,,,,,,421,,,,,,421,,,EN,2016-03-09T05:00:00.000Z
TOTENV_1,Deaths attributable to the environment,numeric,EUR,Europe,Country,DNK,Denmark,Year,2012,true,Cause,Injuries,ENVCAUSE_ENVCAUSE151,,,,,,,,,,424,,,,,,424,,,EN,2016-03-09T05:00:00.000Z
TOTENV_1,Deaths attributable to the environment,numeric,AMR,Americas,Country,JAM,Jamaica,Year,2012,true,Cause,Injuries,ENVCAUSE_ENVCAUSE151,,,,,,,,,,426,,,,,,426,,,EN,2016-03-09T05:00:00.000Z
TOTENV_1,Deaths attributable to the environment,numeric,AMR,Americas,Country,BHS,Bahamas,Year,2012,true,Cause,Injuries,ENVCAUSE_ENVCAUSE151,,,,,,,,,,43,,,,,,43,,,EN,2016-03-09T05:00:00.000Z
TOTENV_1,Deaths attributable to the environment,numeric,WPR,Western Pacific,Country,FSM,Micronesia (Federated States of),Year,2012,true,Cause,Noncommunicable diseases,ENVCAUSE_ENVCAUSE060,,,,,,,,,,43,,,,,,43,,,EN,2016-03-09T05:00:00.000Z
TOTENV_1,Deaths attributable to the environment,numeric,AMR,Americas,Country,SUR,Suriname,Year,2012,true,Cause,"Infectious, parasitic, neonatal and nutritional",ENVCAUSE_ENVCAUSE001,,,,,,,,,,43,,,,,,43,,,EN,2016-03-09T05:00:00.000Z
TOTENV_1,Deaths attributable to the environment,numeric,EUR,Europe,Country,ROU,Romania,Year,2012,true,Cause,Noncommunicable diseases,ENVCAUSE_ENVCAUSE060,,,,,,,,,,43330,,,,,,43 330,,,EN,2016-03-09T05:00:00.000Z
TOTENV_1,Deaths attributable to the environment,numeric,EUR,Europe,Country,ESP,Spain,Year,2012,true,Cause,Total,ENVCAUSE_ENVCAUSE000,,,,,,,,,,43623,,,,,,43 623,,,EN,2016-03-09T05:00:00.000Z
TOTENV_1,Deaths attributable to the environment,numeric,EUR,Europe,Country,UZB,Uzbekistan,Year,2012,true,Cause,Total,ENVCAUSE_ENVCAUSE000,,,,,,,,,,43662,,,,,,43 662,,,EN,2016-03-09T05:00:00.000Z
TOTENV_1,Deaths attributable to the environment,numeric,AMR,Americas,Country,PAN,Panama,Year,2012,true,Cause,"Infectious, parasitic, neonatal and nutritional",ENVCAUSE_ENVCAUSE001,,,,,,,,,,433,,,,,,433,,,EN,2016-03-09T05:00:00.000Z
TOTENV_1,Deaths attributable to the environment,numeric,AFR,Africa,Country,UGA,Uganda,Year,2012,true,Cause,"Infectious, parasitic, neonatal and nutritional",ENVCAUSE_ENVCAUSE001,,,,,,,,,,44407,,,,,,44 407,,,EN,2016-03-09T05:00:00.000Z
TOTENV_1,Deaths attributable to the environment,numeric,EMR,Eastern Mediterranean,Country,BHR,Bahrain,Year,2012,true,Cause,Total,ENVCAUSE_ENVCAUSE000,,,,,,,,,,442,,,,,,442,,,EN,2016-03-09T05:00:00.000Z
TOTENV_1,Deaths attributable to the environment,numeric,EUR,Europe,Country,MLT,Malta,Year,2012,true,Cause,Noncommunicable diseases,ENVCAUSE_ENVCAUSE060,,,,,,,,,,446,,,,,,446,,,EN,2016-03-09T05:00:00.000Z
TOTENV_1,Deaths attributable to the environment,numeric,AFR,Africa,Country,COM,Comoros,Year,2012,true,Cause,Noncommunicable diseases,ENVCAUSE_ENVCAUSE060,,,,,,,,,,447,,,,,,447,,,EN,2016-03-09T05:00:00.000Z
TOTENV_1,Deaths attributable to the environment,numeric,EUR,Europe,Country,FIN,Finland,Year,2012,true,Cause,"Infectious, parasitic, neonatal and nutritional",ENVCAUSE_ENVCAUSE001,,,,,,,,,,45,,,,,,45,,,EN,2016-03-09T05:00:00.000Z
TOTENV_1,Deaths attributable to the environment,numeric,WPR,Western Pacific,Country,VUT,Vanuatu,Year,2012,true,Cause,Injuries,ENVCAUSE_ENVCAUSE151,,,,,,,,,,45,,,,,,45,,,EN,2016-03-09T05:00:00.000Z
TOTENV_1,Deaths attributable to the environment,numeric,WPR,Western Pacific,Country,IDN,Indonesia,Year,2012,true,Cause,Injuries,ENVCAUSE_ENVCAUSE151,,,,,,,,,,45123,,,,,,45 123,,,EN,2016-03-09T05:00:00.000Z
TOTENV_1,Deaths attributable to the environment,numeric,AFR,Africa,Country,COD,Democratic Republic of the Congo,Year,2012,true,Cause,Noncommunicable diseases,ENVCAUSE_ENVCAUSE060,,,,,,,,,,45269,,,,,,45 269,,,EN,2016-03-09T05:00:00.000Z
TOTENV_1,Deaths attributable to the environment,numeric,AFR,Africa,Country,TCD,Chad,Year,2012,true,Cause,Total,ENVCAUSE_ENVCAUSE000,,,,,,,,,,45305,,,,,,45 305,,,EN,2016-03-09T05:00:00.000Z
TOTENV_1,Deaths attributable to the environment,numeric,AFR,Africa,Country,MLI,Mali,Year,2012,true,Cause,Total,ENVCAUSE_ENVCAUSE000,,,,,,,,,,45949,,,,,,45 949,,,EN,2016-03-09T05:00:00.000Z
TOTENV_1,Deaths attributable to the environment,numeric,EMR,Eastern Mediterranean,Country,DJI,Djibouti,Year,2012,true,Cause,Noncommunicable diseases,ENVCAUSE_ENVCAUSE060,,,,,,,,,,450,,,,,,450,,,EN,2016-03-09T05:00:00.000Z
TOTENV_1,Deaths attributable to the environment,numeric,EMR,Eastern Mediterranean,Country,TUN,Tunisia,Year,2012,true,Cause,"Infectious, parasitic, neonatal and nutritional",ENVCAUSE_ENVCAUSE001,,,,,,,,,,450,,,,,,450,,,EN,2016-03-09T05:00:00.000Z
TOTENV_1,Deaths attributable to the environment,numeric,AFR,Africa,Country,KEN,Kenya,Year,2012,true,Cause,"Infectious, parasitic, neonatal and nutritional",ENVCAUSE_ENVCAUSE001,,,,,,,,,,46060,,,,,,46 060,,,EN,2016-03-09T05:00:00.000Z
TOTENV_1,Deaths attributable to the environment,numeric,SEAR,South-East Asia,Country,NPL,Nepal,Year,2012,true,Cause,Total,ENVCAUSE_ENVCAUSE000,,,,,,,,,,46687,,,,,,46 687,,,EN,2016-03-09T05:00:00.000Z
TOTENV_1,Deaths attributable to the environment,numeric,AMR,Americas,Country,TTO,Trinidad and Tobago,Year,2012,true,Cause,"Infectious, parasitic, neonatal and nutritional",ENVCAUSE_ENVCAUSE001,,,,,,,,,,47,,,,,,47,,,EN,2016-03-09T05:00:00.000Z
TOTENV_1,Deaths attributable to the environment,numeric,EUR,Europe,Country,ROU,Romania,Year,2012,true,Cause,Total,ENVCAUSE_ENVCAUSE000,,,,,,,,,,47325,,,,,,47 325,,,EN,2016-03-09T05:00:00.000Z
TOTENV_1,Deaths attributable to the environment,numeric,AFR,Africa,Country,GHA,Ghana,Year,2012,true,Cause,Total,ENVCAUSE_ENVCAUSE000,,,,,,,,,,47337,,,,,,47 337,,,EN,2016-03-09T05:00:00.000Z
TOTENV_1,Deaths attributable to the environment,numeric,EUR,Europe,Country,MLT,Malta,Year,2012,true,Cause,Total,ENVCAUSE_ENVCAUSE000,,,,,,,,,,471,,,,,,471,,,EN,2016-03-09T05:00:00.000Z
TOTENV_1,Deaths attributable to the environment,numeric,AMR,Americas,Country,URY,Uruguay,Year,2012,true,Cause,Injuries,ENVCAUSE_ENVCAUSE151,,,,,,,,,,472,,,,,,472,,,EN,2016-03-09T05:00:00.000Z
TOTENV_1,Deaths attributable to the environment,numeric,AMR,Americas,Country,DMA,Dominica,Year,2012,true,Cause,Noncommunicable diseases,ENVCAUSE_ENVCAUSE060,,,,,,,,,,48,,,,,,48,,,EN,2016-03-09T05:00:00.000Z
TOTENV_1,Deaths attributable to the environment,numeric,SEAR,South-East Asia,Country,BGD,Bangladesh,Year,2012,true,Cause,"Infectious, parasitic, neonatal and nutritional",ENVCAUSE_ENVCAUSE001,,,,,,,,,,48257,,,,,,48 257,,,EN,2016-03-09T05:00:00.000Z
TOTENV_1,Deaths attributable to the environment,numeric,EUR,Europe,Country,RUS,Russian Federation,Year,2012,true,Cause,Injuries,ENVCAUSE_ENVCAUSE151,,,,,,,,,,48344,,,,,,48 344,,,EN,2016-03-09T05:00:00.000Z
TOTENV_1,Deaths attributable to the environment,numeric,AFR,Africa,Country,TZA,United Republic of Tanzania,Year,2012,true,Cause,"Infectious, parasitic, neonatal and nutritional",ENVCAUSE_ENVCAUSE001,,,,,,,,,,48814,,,,,,48 814,,,EN,2016-03-09T05:00:00.000Z
TOTENV_1,Deaths attributable to the environment,numeric,AFR,Africa,Country,GAB,Gabon,Year,2012,true,Cause,Injuries,ENVCAUSE_ENVCAUSE151,,,,,,,,,,483,,,,,,483,,,EN,2016-03-09T05:00:00.000Z
TOTENV_1,Deaths attributable to the environment,numeric,EUR,Europe,Country,ESP,Spain,Year,2012,true,Cause,"Infectious, parasitic, neonatal and nutritional",ENVCAUSE_ENVCAUSE001,,,,,,,,,,489,,,,,,489,,,EN,2016-03-09T05:00:00.000Z
TOTENV_1,Deaths attributable to the environment,numeric,EUR,Europe,Country,SVK,Slovakia,Year,2012,true,Cause,"Infectious, parasitic, neonatal and nutritional",ENVCAUSE_ENVCAUSE001,,,,,,,,,,49,,,,,,49,,,EN,2016-03-09T05:00:00.000Z
TOTENV_1,Deaths attributable to the environment,numeric,AMR,Americas,Country,BRA,Brazil,Year,2012,true,Cause,Injuries,ENVCAUSE_ENVCAUSE151,,,,,,,,,,49568,,,,,,49 568,,,EN,2016-03-09T05:00:00.000Z
TOTENV_1,Deaths attributable to the environment,numeric,SEAR,South-East Asia,Country,BTN,Bhutan,Year,2012,true,Cause,Injuries,ENVCAUSE_ENVCAUSE151,,,,,,,,,,490,,,,,,490,,,EN,2016-03-09T05:00:00.000Z
TOTENV_1,Deaths attributable to the environment,numeric,SEAR,South-East Asia,Country,IND,India,Year,2012,true,Cause,Injuries,ENVCAUSE_ENVCAUSE151,,,,,,,,,,492519,,,,,,492 519,,,EN,2016-03-09T05:00:00.000Z
TOTENV_1,Deaths attributable to the environment,numeric,AFR,Africa,Country,NGA,Nigeria,Year,2012,true,Cause,Total,ENVCAUSE_ENVCAUSE000,,,,,,,,,,497736,,,,,,497 736,,,EN,2016-03-09T05:00:00.000Z
TOTENV_1,Deaths attributable to the environment,numeric,WPR,Western Pacific,Country,COK,Cook Islands,Year,2012,true,Cause,Injuries,ENVCAUSE_ENVCAUSE151,,,,,,,,,,5,,,,,,5,,,EN,2016-03-09T05:00:00.000Z
TOTENV_1,Deaths attributable to the environment,numeric,AMR,Americas,Country,GRD,Grenada,Year,2012,true,Cause,"Infectious, parasitic, neonatal and nutritional",ENVCAUSE_ENVCAUSE001,,,,,,,,,,5,,,,,,5,,,EN,2016-03-09T05:00:00.000Z
TOTENV_1,Deaths attributable to the environment,numeric,WPR,Western Pacific,Country,PLW,Palau,Year,2012,true,Cause,Injuries,ENVCAUSE_ENVCAUSE151,,,,,,,,,,5,,,,,,5,,,EN,2016-03-09T05:00:00.000Z
TOTENV_1,Deaths attributable to the environment,numeric,EUR,Europe,Country,RUS,Russian Federation,Year,2012,true,Cause,"Infectious, parasitic, neonatal and nutritional",ENVCAUSE_ENVCAUSE001,,,,,,,,,,5005,,,,,,5 005,,,EN,2016-03-09T05:00:00.000Z
TOTENV_1,Deaths attributable to the environment,numeric,EMR,Eastern Mediterranean,Country,LBY,Libya,Year,2012,true,Cause,Total,ENVCAUSE_ENVCAUSE000,,,,,,,,,,5006,,,,,,5 006,,,EN,2016-03-09T05:00:00.000Z
TOTENV_1,Deaths attributable to the environment,numeric,EUR,Europe,Country,DNK,Denmark,Year,2012,true,Cause,Noncommunicable diseases,ENVCAUSE_ENVCAUSE060,,,,,,,,,,5098,,,,,,5 098,,,EN,2016-03-09T05:00:00.000Z
TOTENV_1,Deaths attributable to the environment,numeric,WPR,Western Pacific,Country,MNG,Mongolia,Year,2012,true,Cause,Total,ENVCAUSE_ENVCAUSE000,,,,,,,,,,5173,,,,,,5 173,,,EN,2016-03-09T05:00:00.000Z
TOTENV_1,Deaths attributable to the environment,numeric,AFR,Africa,Country,MWI,Malawi,Year,2012,true,Cause,Injuries,ENVCAUSE_ENVCAUSE151,,,,,,,,,,5213,,,,,,5 213,,,EN,2016-03-09T05:00:00.000Z
TOTENV_1,Deaths attributable to the environment,numeric,EMR,Eastern Mediterranean,Country,IRQ,Iraq,Year,2012,true,Cause,"Infectious, parasitic, neonatal and nutritional",ENVCAUSE_ENVCAUSE001,,,,,,,,,,5271,,,,,,5 271,,,EN,2016-03-09T05:00:00.000Z
TOTENV_1,Deaths attributable to the environment,numeric,EUR,Europe,Country,KAZ,Kazakhstan,Year,2012,true,Cause,Injuries,ENVCAUSE_ENVCAUSE151,,,,,,,,,,5288,,,,,,5 288,,,EN,2016-03-09T05:00:00.000Z
TOTENV_1,Deaths attributable to the environment,numeric,AMR,Americas,Country,PER,Peru,Year,2012,true,Cause,Injuries,ENVCAUSE_ENVCAUSE151,,,,,,,,,,5296,,,,,,5 296,,,EN,2016-03-09T05:00:00.000Z
TOTENV_1,Deaths attributable to the environment,numeric,EUR,Europe,Country,POL,Poland,Year,2012,true,Cause,Injuries,ENVCAUSE_ENVCAUSE151,,,,,,,,,,5300,,,,,,5 300,,,EN,2016-03-09T05:00:00.000Z
TOTENV_1,Deaths attributable to the environment,numeric,EUR,Europe,Country,LTU,Lithuania,Year,2012,true,Cause,Total,ENVCAUSE_ENVCAUSE000,,,,,,,,,,5362,,,,,,5 362,,,EN,2016-03-09T05:00:00.000Z
TOTENV_1,Deaths attributable to the environment,numeric,AFR,Africa,Country,SSD,South Sudan,Year,2012,true,Cause,Injuries,ENVCAUSE_ENVCAUSE151,,,,,,,,,,5390,,,,,,5 390,,,EN,2016-03-09T05:00:00.000Z
TOTENV_1,Deaths attributable to the environment,numeric,AFR,Africa,Country,SEN,Senegal,Year,2012,true,Cause,Noncommunicable diseases,ENVCAUSE_ENVCAUSE060,,,,,,,,,,5442,,,,,,5 442,,,EN,2016-03-09T05:00:00.000Z
TOTENV_1,Deaths attributable to the environment,numeric,EMR,Eastern Mediterranean,Country,SOM,Somalia,Year,2012,true,Cause,Injuries,ENVCAUSE_ENVCAUSE151,,,,,,,,,,5516,,,,,,5 516,,,EN,2016-03-09T05:00:00.000Z
TOTENV_1,Deaths attributable to the environment,numeric,EUR,Europe,Country,FIN,Finland,Year,2012,true,Cause,Total,ENVCAUSE_ENVCAUSE000,,,,,,,,,,5574,,,,,,5 574,,,EN,2016-03-09T05:00:00.000Z
TOTENV_1,Deaths attributable to the environment,numeric,AFR,Africa,Country,RWA,Rwanda,Year,2012,true,Cause,Noncommunicable diseases,ENVCAUSE_ENVCAUSE060,,,,,,,,,,5586,,,,,,5 586,,,EN,2016-03-09T05:00:00.000Z
TOTENV_1,Deaths attributable to the environment,numeric,EUR,Europe,Country,DNK,Denmark,Year,2012,true,Cause,Total,ENVCAUSE_ENVCAUSE000,,,,,,,,,,5615,,,,,,5 615,,,EN,2016-03-09T05:00:00.000Z
TOTENV_1,Deaths attributable to the environment,numeric,SEAR,South-East Asia,Country,THA,Thailand,Year,2012,true,Cause,"Infectious, parasitic, neonatal and nutritional",ENVCAUSE_ENVCAUSE001,,,,,,,,,,5659,,,,,,5 659,,,EN,2016-03-09T05:00:00.000Z
TOTENV_1,Deaths attributable to the environment,numeric,AFR,Africa,Country,SSD,South Sudan,Year,2012,true,Cause,Noncommunicable diseases,ENVCAUSE_ENVCAUSE060,,,,,,,,,,5671,,,,,,5 671,,,EN,2016-03-09T05:00:00.000Z
TOTENV_1,Deaths attributable to the environment,numeric,AMR,Americas,Country,USA,United States of America,Year,2012,true,Cause,"Infectious, parasitic, neonatal and nutritional",ENVCAUSE_ENVCAUSE001,,,,,,,,,,5726,,,,,,5 726,,,EN,2016-03-09T05:00:00.000Z
TOTENV_1,Deaths attributable to the environment,numeric,EUR,Europe,Country,ITA,Italy,Year,2012,true,Cause,Injuries,ENVCAUSE_ENVCAUSE151,,,,,,,,,,5760,,,,,,5 760,,,EN,2016-03-09T05:00:00.000Z
TOTENV_1,Deaths attributable to the environment,numeric,AFR,Africa,Country,TCD,Chad,Year,2012,true,Cause,Injuries,ENVCAUSE_ENVCAUSE151,,,,,,,,,,5835,,,,,,5 835,,,EN,2016-03-09T05:00:00.000Z
TOTENV_1,Deaths attributable to the environment,numeric,WPR,Western Pacific,Country,KHM,Cambodia,Year,2012,true,Cause,"Infectious, parasitic, neonatal and nutritional",ENVCAUSE_ENVCAUSE001,,,,,,,,,,5841,,,,,,5 841,,,EN,2016-03-09T05:00:00.000Z
TOTENV_1,Deaths attributable to the environment,numeric,AMR,Americas,Country,MEX,Mexico,Year,2012,true,Cause,"Infectious, parasitic, neonatal and nutritional",ENVCAUSE_ENVCAUSE001,,,,,,,,,,5845,,,,,,5 845,,,EN,2016-03-09T05:00:00.000Z
TOTENV_1,Deaths attributable to the environment,numeric,AMR,Americas,Country,NIC,Nicaragua,Year,2012,true,Cause,Total,ENVCAUSE_ENVCAUSE000,,,,,,,,,,5855,,,,,,5 855,,,EN,2016-03-09T05:00:00.000Z
TOTENV_1,Deaths attributable to the environment,numeric,WPR,Western Pacific,Country,LAO,Lao People's Democratic Republic,Year,2012,true,Cause,Noncommunicable diseases,ENVCAUSE_ENVCAUSE060,,,,,,,,,,5948,,,,,,5 948,,,EN,2016-03-09T05:00:00.000Z
TOTENV_1,Deaths attributable to the environment,numeric,EUR,Europe,Country,AUT,Austria,Year,2012,true,Cause,"Infectious, parasitic, neonatal and nutritional",ENVCAUSE_ENVCAUSE001,,,,,,,,,,50,,,,,,50,,,EN,2016-03-09T05:00:00.000Z
TOTENV_1,Deaths attributable to the environment,numeric,AFR,Africa,Country,NER,Niger,Year,2012,true,Cause,Total,ENVCAUSE_ENVCAUSE000,,,,,,,,,,50265,,,,,,50 265,,,EN,2016-03-09T05:00:00.000Z
TOTENV_1,Deaths attributable to the environment,numeric,AMR,Americas,Country,CAN,Canada,Year,2012,true,Cause,"Infectious, parasitic, neonatal and nutritional",ENVCAUSE_ENVCAUSE001,,,,,,,,,,503,,,,,,503,,,EN,2016-03-09T05:00:00.000Z
TOTENV_1,Deaths attributable to the environment,numeric,EUR,Europe,Country,FRA,France,Year,2012,true,Cause,Noncommunicable diseases,ENVCAUSE_ENVCAUSE060,,,,,,,,,,51203,,,,,,51 203,,,EN,2016-03-09T05:00:00.000Z
TOTENV_1,Deaths attributable to the environment,numeric,EUR,Europe,Country,ALB,Albania,Year,2012,true,Cause,Injuries,ENVCAUSE_ENVCAUSE151,,,,,,,,,,514,,,,,,514,,,EN,2016-03-09T05:00:00.000Z
TOTENV_1,Deaths attributable to the environment,numeric,EUR,Europe,Country,NOR,Norway,Year,2012,true,Cause,Injuries,ENVCAUSE_ENVCAUSE151,,,,,,,,,,515,,,,,,515,,,EN,2016-03-09T05:00:00.000Z
TOTENV_1,Deaths attributable to the environment,numeric,AFR,Africa,Country,STP,Sao Tome and Principe,Year,2012,true,Cause,Injuries,ENVCAUSE_ENVCAUSE151,,,,,,,,,,52,,,,,,52,,,EN,2016-03-09T05:00:00.000Z
TOTENV_1,Deaths attributable to the environment,numeric,AFR,Africa,Country,CMR,Cameroon,Year,2012,true,Cause,Total,ENVCAUSE_ENVCAUSE000,,,,,,,,,,52926,,,,,,52 926,,,EN,2016-03-09T05:00:00.000Z
TOTENV_1,Deaths attributable to the environment,numeric,AFR,Africa,Country,SWZ,Eswatini,Year,2012,true,Cause,Injuries,ENVCAUSE_ENVCAUSE151,,,,,,,,,,521,,,,,,521,,,EN,2016-03-09T05:00:00.000Z
TOTENV_1,Deaths attributable to the environment,numeric,AFR,Africa,Country,AGO,Angola,Year,2012,true,Cause,"Infectious, parasitic, neonatal and nutritional",ENVCAUSE_ENVCAUSE001,,,,,,,,,,53081,,,,,,53 081,,,EN,2016-03-09T05:00:00.000Z
TOTENV_1,Deaths attributable to the environment,numeric,EUR,Europe,Country,POL,Poland,Year,2012,true,Cause,Noncommunicable diseases,ENVCAUSE_ENVCAUSE060,,,,,,,,,,53628,,,,,,53 628,,,EN,2016-03-09T05:00:00.000Z
TOTENV_1,Deaths attributable to the environment,numeric,EUR,Europe,Country,GEO,Georgia,Year,2012,true,Cause,Injuries,ENVCAUSE_ENVCAUSE151,,,,,,,,,,530,,,,,,530,,,EN,2016-03-09T05:00:00.000Z
TOTENV_1,Deaths attributable to the environment,numeric,AFR,Africa,Country,CPV,Cabo Verde,Year,2012,true,Cause,Total,ENVCAUSE_ENVCAUSE000,,,,,,,,,,533,,,,,,533,,,EN,2016-03-09T05:00:00.000Z
TOTENV_1,Deaths attributable to the environment,numeric,WPR,Western Pacific,Country,MHL,Marshall Islands,Year,2012,true,Cause,Total,ENVCAUSE_ENVCAUSE000,,,,,,,,,,54,,,,,,54,,,EN,2016-03-09T05:00:00.000Z
TOTENV_1,Deaths attributable to the environment,numeric,WPR,Western Pacific,Country,CHN,China,Year,2012,true,Cause,"Infectious, parasitic, neonatal and nutritional",ENVCAUSE_ENVCAUSE001,,,,,,,,,,54470,,,,,,54 470,,,EN,2016-03-09T05:00:00.000Z
TOTENV_1,Deaths attributable to the environment,numeric,AMR,Americas,Country,PRY,Paraguay,Year,2012,true,Cause,"Infectious, parasitic, neonatal and nutritional",ENVCAUSE_ENVCAUSE001,,,,,,,,,,544,,,,,,544,,,EN,2016-03-09T05:00:00.000Z
TOTENV_1,Deaths attributable to the environment,numeric,EUR,Europe,Country,ARM,Armenia,Year,2012,true,Cause,Injuries,ENVCAUSE_ENVCAUSE151,,,,,,,,,,549,,,,,,549,,,EN,2016-03-09T05:00:00.000Z
TOTENV_1,Deaths attributable to the environment,numeric,EUR,Europe,Country,LUX,Luxembourg,Year,2012,true,Cause,Injuries,ENVCAUSE_ENVCAUSE151,,,,,,,,,,55,,,,,,55,,,EN,2016-03-09T05:00:00.000Z
TOTENV_1,Deaths attributable to the environment,numeric,WPR,Western Pacific,Country,NZL,New Zealand,Year,2012,true,Cause,"Infectious, parasitic, neonatal and nutritional",ENVCAUSE_ENVCAUSE001,,,,,,,,,,55,,,,,,55,,,EN,2016-03-09T05:00:00.000Z
TOTENV_1,Deaths attributable to the environment,numeric,AMR,Americas,Country,MEX,Mexico,Year,2012,true,Cause,Noncommunicable diseases,ENVCAUSE_ENVCAUSE060,,,,,,,,,,55046,,,,,,55 046,,,EN,2016-03-09T05:00:00.000Z
TOTENV_1,Deaths attributable to the environment,numeric,AFR,Africa,Country,CIV,Cote d'Ivoire,Year,2012,true,Cause,Total,ENVCAUSE_ENVCAUSE000,,,,,,,,,,55493,,,,,,55 493,,,EN,2016-03-09T05:00:00.000Z
TOTENV_1,Deaths attributable to the environment,numeric,EMR,Eastern Mediterranean,Country,OMN,Oman,Year,2012,true,Cause,Injuries,ENVCAUSE_ENVCAUSE151,,,,,,,,,,553,,,,,,553,,,EN,2016-03-09T05:00:00.000Z
TOTENV_1,Deaths attributable to the environment,numeric,EMR,Eastern Mediterranean,Country,QAT,Qatar,Year,2012,true,Cause,Total,ENVCAUSE_ENVCAUSE000,,,,,,,,,,553,,,,,,553,,,EN,2016-03-09T05:00:00.000Z
TOTENV_1,Deaths attributable to the environment,numeric,AFR,Africa,Country,NAM,Namibia,Year,2012,true,Cause,Injuries,ENVCAUSE_ENVCAUSE151,,,,,,,,,,556,,,,,,556,,,EN,2016-03-09T05:00:00.000Z
TOTENV_1,Deaths attributable to the environment,numeric,AFR,Africa,Country,GNQ,Equatorial Guinea,Year,2012,true,Cause,Noncommunicable diseases,ENVCAUSE_ENVCAUSE060,,,,,,,,,,561,,,,,,561,,,EN,2016-03-09T05:00:00.000Z
TOTENV_1,Deaths attributable to the environment,numeric,WPR,Western Pacific,Country,IDN,Indonesia,Year,2012,true,Cause,"Infectious, parasitic, neonatal and nutritional",ENVCAUSE_ENVCAUSE001,,,,,,,,,,57012,,,,,,57 012,,,EN,2016-03-09T05:00:00.000Z
TOTENV_1,Deaths attributable to the environment,numeric,SEAR,South-East Asia,Country,BTN,Bhutan,Year,2012,true,Cause,Noncommunicable diseases,ENVCAUSE_ENVCAUSE060,,,,,,,,,,571,,,,,,571,,,EN,2016-03-09T05:00:00.000Z
TOTENV_1,Deaths attributable to the environment,numeric,WPR,Western Pacific,Country,KIR,Kiribati,Year,2012,true,Cause,Noncommunicable diseases,ENVCAUSE_ENVCAUSE060,,,,,,,,,,58,,,,,,58,,,EN,2016-03-09T05:00:00.000Z
TOTENV_1,Deaths attributable to the environment,numeric,SEAR,South-East Asia,Country,PRK,Democratic People's Republic of Korea,Year,2012,true,Cause,Noncommunicable diseases,ENVCAUSE_ENVCAUSE060,,,,,,,,,,58899,,,,,,58 899,,,EN,2016-03-09T05:00:00.000Z
TOTENV_1,Deaths attributable to the environment,numeric,EUR,Europe,Country,LTU,Lithuania,Year,2012,true,Cause,"Infectious, parasitic, neonatal and nutritional",ENVCAUSE_ENVCAUSE001,,,,,,,,,,59,,,,,,59,,,EN,2016-03-09T05:00:00.000Z
TOTENV_1,Deaths attributable to the environment,numeric,AMR,Americas,Country,URY,Uruguay,Year,2012,true,Cause,"Infectious, parasitic, neonatal and nutritional",ENVCAUSE_ENVCAUSE001,,,,,,,,,,59,,,,,,59,,,EN,2016-03-09T05:00:00.000Z
TOTENV_1,Deaths attributable to the environment,numeric,EMR,Eastern Mediterranean,Country,IRN,Iran (Islamic Republic of),Year,2012,true,Cause,Noncommunicable diseases,ENVCAUSE_ENVCAUSE060,,,,,,,,,,59186,,,,,,59 186,,,EN,2016-03-09T05:00:00.000Z
TOTENV_1,Deaths attributable to the environment,numeric,EUR,Europe,Country,POL,Poland,Year,2012,true,Cause,Total,ENVCAUSE_ENVCAUSE000,,,,,,,,,,59220,,,,,,59 220,,,EN,2016-03-09T05:00:00.000Z
TOTENV_1,Deaths attributable to the environment,numeric,EUR,Europe,Country,GBR,United Kingdom of Great Britain and Northern Ireland,Year,2012,true,Cause,Noncommunicable diseases,ENVCAUSE_ENVCAUSE060,,,,,,,,,,59412,,,,,,59 412,,,EN,2016-03-09T05:00:00.000Z
TOTENV_1,Deaths attributable to the environment,numeric,AFR,Africa,Country,SWZ,Eswatini,Year,2012,true,Cause,Noncommunicable diseases,ENVCAUSE_ENVCAUSE060,,,,,,,,,,590,,,,,,590,,,EN,2016-03-09T05:00:00.000Z
TOTENV_1,Deaths attributable to the environment,numeric,EUR,Europe,Country,ITA,Italy,Year,2012,true,Cause,"Infectious, parasitic, neonatal and nutritional",ENVCAUSE_ENVCAUSE001,,,,,,,,,,593,,,,,,593,,,EN,2016-03-09T05:00:00.000Z
TOTENV_1,Deaths attributable to the environment,numeric,EUR,Europe,Country,AND,Andorra,Year,2012,true,Cause,Injuries,ENVCAUSE_ENVCAUSE151,,,,,,,,,,6,,,,,,6,,,EN,2016-03-09T05:00:00.000Z
TOTENV_1,Deaths attributable to the environment,numeric,WPR,Western Pacific,Country,BRN,Brunei Darussalam,Year,2012,true,Cause,"Infectious, parasitic, neonatal and nutritional",ENVCAUSE_ENVCAUSE001,,,,,,,,,,6,,,,,,6,,,EN,2016-03-09T05:00:00.000Z
TOTENV_1,Deaths attributable to the environment,numeric,AMR,Americas,Country,DMA,Dominica,Year,2012,true,Cause,"Infectious, parasitic, neonatal and nutritional",ENVCAUSE_ENVCAUSE001,,,,,,,,,,6,,,,,,6,,,EN,2016-03-09T05:00:00.000Z
TOTENV_1,Deaths attributable to the environment,numeric,EUR,Europe,Country,LUX,Luxembourg,Year,2012,true,Cause,"Infectious, parasitic, neonatal and nutritional",ENVCAUSE_ENVCAUSE001,,,,,,,,,,6,,,,,,6,,,EN,2016-03-09T05:00:00.000Z
TOTENV_1,Deaths attributable to the environment,numeric,WPR,Western Pacific,Country,TUV,Tuvalu,Year,2012,true,Cause,Noncommunicable diseases,ENVCAUSE_ENVCAUSE060,,,,,,,,,,6,,,,,,6,,,EN,2016-03-09T05:00:00.000Z
TOTENV_1,Deaths attributable to the environment,numeric,AMR,Americas,Country,DOM,Dominican Republic,Year,2012,true,Cause,Noncommunicable diseases,ENVCAUSE_ENVCAUSE060,,,,,,,,,,6020,,,,,,6 020,,,EN,2016-03-09T05:00:00.000Z
TOTENV_1,Deaths attributable to the environment,numeric,EMR,Eastern Mediterranean,Country,MAR,Morocco,Year,2012,true,Cause,Injuries,ENVCAUSE_ENVCAUSE151,,,,,,,,,,6066,,,,,,6 066,,,EN,2016-03-09T05:00:00.000Z
TOTENV_1,Deaths attributable to the environment,numeric,EUR,Europe,Country,ALB,Albania,Year,2012,true,Cause,Noncommunicable diseases,ENVCAUSE_ENVCAUSE060,,,,,,,,,,6174,,,,,,6 174,,,EN,2016-03-09T05:00:00.000Z
TOTENV_1,Deaths attributable to the environment,numeric,AFR,Africa,Country,ZMB,Zambia,Year,2012,true,Cause,Noncommunicable diseases,ENVCAUSE_ENVCAUSE060,,,,,,,,,,6188,,,,,,6 188,,,EN,2016-03-09T05:00:00.000Z
TOTENV_1,Deaths attributable to the environment,numeric,AFR,Africa,Country,BDI,Burundi,Year,2012,true,Cause,Noncommunicable diseases,ENVCAUSE_ENVCAUSE060,,,,,,,,,,6252,,,,,,6 252,,,EN,2016-03-09T05:00:00.000Z
TOTENV_1,Deaths attributable to the environment,numeric,AFR,Africa,Country,BDI,Burundi,Year,2012,true,Cause,Injuries,ENVCAUSE_ENVCAUSE151,,,,,,,,,,6309,,,,,,6 309,,,EN,2016-03-09T05:00:00.000Z
TOTENV_1,Deaths attributable to the environment,numeric,AMR,Americas,Country,PRY,Paraguay,Year,2012,true,Cause,Total,ENVCAUSE_ENVCAUSE000,,,,,,,,,,6337,,,,,,6 337,,,EN,2016-03-09T05:00:00.000Z
TOTENV_1,Deaths attributable to the environment,numeric,EUR,Europe,Country,CHE,Switzerland,Year,2012,true,Cause,Noncommunicable diseases,ENVCAUSE_ENVCAUSE060,,,,,,,,,,6387,,,,,,6 387,,,EN,2016-03-09T05:00:00.000Z
TOTENV_1,Deaths attributable to the environment,numeric,AMR,Americas,Country,GTM,Guatemala,Year,2012,true,Cause,Noncommunicable diseases,ENVCAUSE_ENVCAUSE060,,,,,,,,,,6411,,,,,,6 411,,,EN,2016-03-09T05:00:00.000Z
TOTENV_1,Deaths attributable to the environment,numeric,AFR,Africa,Country,COG,Congo,Year,2012,true,Cause,"Infectious, parasitic, neonatal and nutritional",ENVCAUSE_ENVCAUSE001,,,,,,,,,,6659,,,,,,6 659,,,EN,2016-03-09T05:00:00.000Z
TOTENV_1,Deaths attributable to the environment,numeric,EUR,Europe,Country,DEU,Germany,Year,2012,true,Cause,Injuries,ENVCAUSE_ENVCAUSE151,,,,,,,,,,6697,,,,,,6 697,,,EN,2016-03-09T05:00:00.000Z
TOTENV_1,Deaths attributable to the environment,numeric,WPR,Western Pacific,Country,MYS,Malaysia,Year,2012,true,Cause,Injuries,ENVCAUSE_ENVCAUSE151,,,,,,,,,,6745,,,,,,6 745,,,EN,2016-03-09T05:00:00.000Z
TOTENV_1,Deaths attributable to the environment,numeric,EUR,Europe,Country,ALB,Albania,Year,2012,true,Cause,Total,ENVCAUSE_ENVCAUSE000,,,,,,,,,,6767,,,,,,6 767,,,EN,2016-03-09T05:00:00.000Z
TOTENV_1,Deaths attributable to the environment,numeric,AFR,Africa,Country,MLI,Mali,Year,2012,true,Cause,Injuries,ENVCAUSE_ENVCAUSE151,,,,,,,,,,6891,,,,,,6 891,,,EN,2016-03-09T05:00:00.000Z
TOTENV_1,Deaths attributable to the environment,numeric,AFR,Africa,Country,BEN,Benin,Year,2012,true,Cause,Noncommunicable diseases,ENVCAUSE_ENVCAUSE060,,,,,,,,,,6922,,,,,,6 922,,,EN,2016-03-09T05:00:00.000Z
TOTENV_1,Deaths attributable to the environment,numeric,AFR,Africa,Country,TCD,Chad,Year,2012,true,Cause,Noncommunicable diseases,ENVCAUSE_ENVCAUSE060,,,,,,,,,,6927,,,,,,6 927,,,EN,2016-03-09T05:00:00.000Z
TOTENV_1,Deaths attributable to the environment,numeric,AMR,Americas,Country,BOL,Bolivia (Plurinational State of),Year,2012,true,Cause,Noncommunicable diseases,ENVCAUSE_ENVCAUSE060,,,,,,,,,,6942,,,,,,6 942,,,EN,2016-03-09T05:00:00.000Z
TOTENV_1,Deaths attributable to the environment,numeric,AFR,Africa,Country,MRT,Mauritania,Year,2012,true,Cause,Total,ENVCAUSE_ENVCAUSE000,,,,,,,,,,6955,,,,,,6 955,,,EN,2016-03-09T05:00:00.000Z
TOTENV_1,Deaths attributable to the environment,numeric,EMR,Eastern Mediterranean,Country,YEM,Yemen,Year,2012,true,Cause,Injuries,ENVCAUSE_ENVCAUSE151,,,,,,,,,,6972,,,,,,6 972,,,EN,2016-03-09T05:00:00.000Z
TOTENV_1,Deaths attributable to the environment,numeric,EUR,Europe,Country,FRA,France,Year,2012,true,Cause,Total,ENVCAUSE_ENVCAUSE000,,,,,,,,,,61117,,,,,,61 117,,,EN,2016-03-09T05:00:00.000Z
TOTENV_1,Deaths attributable to the environment,numeric,AFR,Africa,Country,BWA,Botswana,Year,2012,true,Cause,Injuries,ENVCAUSE_ENVCAUSE151,,,,,,,,,,610,,,,,,610,,,EN,2016-03-09T05:00:00.000Z
TOTENV_1,Deaths attributable to the environment,numeric,EUR,Europe,Country,KGZ,Kyrgyzstan,Year,2012,true,Cause,"Infectious, parasitic, neonatal and nutritional",ENVCAUSE_ENVCAUSE001,,,,,,,,,,610,,,,,,610,,,EN,2016-03-09T05:00:00.000Z
TOTENV_1,Deaths attributable to the environment,numeric,AMR,Americas,Country,GUY,Guyana,Year,2012,true,Cause,Noncommunicable diseases,ENVCAUSE_ENVCAUSE060,,,,,,,,,,615,,,,,,615,,,EN,2016-03-09T05:00:00.000Z
TOTENV_1,Deaths attributable to the environment,numeric,EUR,Europe,Country,AND,Andorra,Year,2012,true,Cause,Noncommunicable diseases,ENVCAUSE_ENVCAUSE060,,,,,,,,,,62,,,,,,62,,,EN,2016-03-09T05:00:00.000Z
TOTENV_1,Deaths attributable to the environment,numeric,AMR,Americas,Country,ATG,Antigua and Barbuda,Year,2012,true,Cause,Noncommunicable diseases,ENVCAUSE_ENVCAUSE060,,,,,,,,,,62,,,,,,62,,,EN,2016-03-09T05:00:00.000Z
TOTENV_1,Deaths attributable to the environment,numeric,EMR,Eastern Mediterranean,Country,PAK,Pakistan,Year,2012,true,Cause,Injuries,ENVCAUSE_ENVCAUSE151,,,,,,,,,,62399,,,,,,62 399,,,EN,2016-03-09T05:00:00.000Z
TOTENV_1,Deaths attributable to the environment,numeric,EUR,Europe,Country,HRV,Croatia,Year,2012,true,Cause,Injuries,ENVCAUSE_ENVCAUSE151,,,,,,,,,,623,,,,,,623,,,EN,2016-03-09T05:00:00.000Z
TOTENV_1,Deaths attributable to the environment,numeric,WPR,Western Pacific,Country,FJI,Fiji,Year,2012,true,Cause,Noncommunicable diseases,ENVCAUSE_ENVCAUSE060,,,,,,,,,,624,,,,,,624,,,EN,2016-03-09T05:00:00.000Z
TOTENV_1,Deaths attributable to the environment,numeric,EUR,Europe,Country,SVK,Slovakia,Year,2012,true,Cause,Injuries,ENVCAUSE_ENVCAUSE151,,,,,,,,,,628,,,,,,628,,,EN,2016-03-09T05:00:00.000Z
TOTENV_1,Deaths attributable to the environment,numeric,WPR,Western Pacific,Country,TON,Tonga,Year,2012,true,Cause,Noncommunicable diseases,ENVCAUSE_ENVCAUSE060,,,,,,,,,,63,,,,,,63,,,EN,2016-03-09T05:00:00.000Z
TOTENV_1,Deaths attributable to the environment,numeric,WPR,Western Pacific,Country,SLB,Solomon Islands,Year,2012,true,Cause,Total,ENVCAUSE_ENVCAUSE000,,,,,,,,,,634,,,,,,634,,,EN,2016-03-09T05:00:00.000Z
TOTENV_1,Deaths attributable to the environment,numeric,AFR,Africa,Country,GMB,Gambia,Year,2012,true,Cause,Injuries,ENVCAUSE_ENVCAUSE151,,,,,,,,,,636,,,,,,636,,,EN,2016-03-09T05:00:00.000Z
TOTENV_1,Deaths attributable to the environment,numeric,EUR,Europe,Country,BIH,Bosnia and Herzegovina,Year,2012,true,Cause,Injuries,ENVCAUSE_ENVCAUSE151,,,,,,,,,,638,,,,,,638,,,EN,2016-03-09T05:00:00.000Z
TOTENV_1,Deaths attributable to the environment,numeric,EMR,Eastern Mediterranean,Country,LBN,Lebanon,Year,2012,true,Cause,Injuries,ENVCAUSE_ENVCAUSE151,,,,,,,,,,639,,,,,,639,,,EN,2016-03-09T05:00:00.000Z
TOTENV_1,Deaths attributable to the environment,numeric,EUR,Europe,Country,GBR,United Kingdom of Great Britain and Northern Ireland,Year,2012,true,Cause,Total,ENVCAUSE_ENVCAUSE000,,,,,,,,,,64808,,,,,,64 808,,,EN,2016-03-09T05:00:00.000Z
TOTENV_1,Deaths attributable to the environment,numeric,EMR,Eastern Mediterranean,Country,DJI,Djibouti,Year,2012,true,Cause,"Infectious, parasitic, neonatal and nutritional",ENVCAUSE_ENVCAUSE001,,,,,,,,,,643,,,,,,643,,,EN,2016-03-09T05:00:00.000Z
TOTENV_1,Deaths attributable to the environment,numeric,AMR,Americas,Country,BLZ,Belize,Year,2012,true,Cause,Injuries,ENVCAUSE_ENVCAUSE151,,,,,,,,,,65,,,,,,65,,,EN,2016-03-09T05:00:00.000Z
TOTENV_1,Deaths attributable to the environment,numeric,EUR,Europe,Country,MNE,Montenegro,Year,2012,true,Cause,Injuries,ENVCAUSE_ENVCAUSE151,,,,,,,,,,65,,,,,,65,,,EN,2016-03-09T05:00:00.000Z
TOTENV_1,Deaths attributable to the environment,numeric,EMR,Eastern Mediterranean,Country,AFG,Afghanistan,Year,2012,true,Cause,Total,ENVCAUSE_ENVCAUSE000,,,,,,,,,,65147,,,,,,65 147,,,EN,2016-03-09T05:00:00.000Z
TOTENV_1,Deaths attributable to the environment,numeric,EUR,Europe,Country,TUR,Türkiye,Year,2012,true,Cause,Noncommunicable diseases,ENVCAUSE_ENVCAUSE060,,,,,,,,,,65929,,,,,,65 929,,,EN,2016-03-09T05:00:00.000Z
TOTENV_1,Deaths attributable to the environment,numeric,SEAR,South-East Asia,Country,TLS,Timor-Leste,Year,2012,true,Cause,Noncommunicable diseases,ENVCAUSE_ENVCAUSE060,,,,,,,,,,651,,,,,,651,,,EN,2016-03-09T05:00:00.000Z
TOTENV_1,Deaths attributable to the environment,numeric,SEAR,South-East Asia,Country,IND,India,Year,2012,true,Cause,"Infectious, parasitic, neonatal and nutritional",ENVCAUSE_ENVCAUSE001,,,,,,,,,,655338,,,,,,655 338,,,EN,2016-03-09T05:00:00.000Z
TOTENV_1,Deaths attributable to the environment,numeric,EUR,Europe,Country,BIH,Bosnia and Herzegovina,Year,2012,true,Cause,"Infectious, parasitic, neonatal and nutritional",ENVCAUSE_ENVCAUSE001,,,,,,,,,,66,,,,,,66,,,EN,2016-03-09T05:00:00.000Z
TOTENV_1,Deaths attributable to the environment,numeric,EUR,Europe,Country,IRL,Ireland,Year,2012,true,Cause,"Infectious, parasitic, neonatal and nutritional",ENVCAUSE_ENVCAUSE001,,,,,,,,,,66,,,,,,66,,,EN,2016-03-09T05:00:00.000Z
TOTENV_1,Deaths attributable to the environment,numeric,SEAR,South-East Asia,Country,THA,Thailand,Year,2012,true,Cause,Noncommunicable diseases,ENVCAUSE_ENVCAUSE060,,,,,,,,,,66240,,,,,,66 240,,,EN,2016-03-09T05:00:00.000Z
TOTENV_1,Deaths attributable to the environment,numeric,AMR,Americas,Country,DMA,Dominica,Year,2012,true,Cause,Total,ENVCAUSE_ENVCAUSE000,,,,,,,,,,67,,,,,,67,,,EN,2016-03-09T05:00:00.000Z
TOTENV_1,Deaths attributable to the environment,numeric,EUR,Europe,Country,GRC,Greece,Year,2012,true,Cause,"Infectious, parasitic, neonatal and nutritional",ENVCAUSE_ENVCAUSE001,,,,,,,,,,67,,,,,,67,,,EN,2016-03-09T05:00:00.000Z
TOTENV_1,Deaths attributable to the environment,numeric,EUR,Europe,Country,LTU,Lithuania,Year,2012,true,Cause,Injuries,ENVCAUSE_ENVCAUSE151,,,,,,,,,,670,,,,,,670,,,EN,2016-03-09T05:00:00.000Z
TOTENV_1,Deaths attributable to the environment,numeric,EUR,Europe,Country,AND,Andorra,Year,2012,true,Cause,Total,ENVCAUSE_ENVCAUSE000,,,,,,,,,,68,,,,,,68,,,EN,2016-03-09T05:00:00.000Z
TOTENV_1,Deaths attributable to the environment,numeric,EUR,Europe,Country,GBR,United Kingdom of Great Britain and Northern Ireland,Year,2012,true,Cause,"Infectious, parasitic, neonatal and nutritional",ENVCAUSE_ENVCAUSE001,,,,,,,,,,683,,,,,,683,,,EN,2016-03-09T05:00:00.000Z
TOTENV_1,Deaths attributable to the environment,numeric,EUR,Europe,Country,ITA,Italy,Year,2012,true,Cause,Noncommunicable diseases,ENVCAUSE_ENVCAUSE060,,,,,,,,,,69087,,,,,,69 087,,,EN,2016-03-09T05:00:00.000Z
TOTENV_1,Deaths attributable to the environment,numeric,EMR,Eastern Mediterranean,Country,SDN,Sudan,Year,2012,true,Cause,Total,ENVCAUSE_ENVCAUSE000,,,,,,,,,,69117,,,,,,69 117,,,EN,2016-03-09T05:00:00.000Z
TOTENV_1,Deaths attributable to the environment,numeric,SEAR,South-East Asia,Country,MMR,Myanmar,Year,2012,true,Cause,Noncommunicable diseases,ENVCAUSE_ENVCAUSE060,,,,,,,,,,69244,,,,,,69 244,,,EN,2016-03-09T05:00:00.000Z
TOTENV_1,Deaths attributable to the environment,numeric,AMR,Americas,Country,NIC,Nicaragua,Year,2012,true,Cause,"Infectious, parasitic, neonatal and nutritional",ENVCAUSE_ENVCAUSE001,,,,,,,,,,692,,,,,,692,,,EN,2016-03-09T05:00:00.000Z
TOTENV_1,Deaths attributable to the environment,numeric,SEAR,South-East Asia,Country,TLS,Timor-Leste,Year,2012,true,Cause,"Infectious, parasitic, neonatal and nutritional",ENVCAUSE_ENVCAUSE001,,,,,,,,,,692,,,,,,692,,,EN,2016-03-09T05:00:00.000Z
TOTENV_1,Deaths attributable to the environment,numeric,WPR,Western Pacific,Country,COK,Cook Islands,Year,2012,true,Cause,Noncommunicable diseases,ENVCAUSE_ENVCAUSE060,,,,,,,,,,7,,,,,,7,,,EN,2016-03-09T05:00:00.000Z
TOTENV_1,Deaths attributable to the environment,numeric,EUR,Europe,Country,MNE,Montenegro,Year,2012,true,Cause,"Infectious, parasitic, neonatal and nutritional",ENVCAUSE_ENVCAUSE001,,,,,,,,,,7,,,,,,7,,,EN,2016-03-09T05:00:00.000Z
TOTENV_1,Deaths attributable to the environment,numeric,AMR,Americas,Country,LCA,Saint Lucia,Year,2012,true,Cause,"Infectious, parasitic, neonatal and nutritional",ENVCAUSE_ENVCAUSE001,,,,,,,,,,7,,,,,,7,,,EN,2016-03-09T05:00:00.000Z
TOTENV_1,Deaths attributable to the environment,numeric,AMR,Americas,Country,VCT,Saint Vincent and the Grenadines,Year,2012,true,Cause,"Infectious, parasitic, neonatal and nutritional",ENVCAUSE_ENVCAUSE001,,,,,,,,,,7,,,,,,7,,,EN,2016-03-09T05:00:00.000Z
TOTENV_1,Deaths attributable to the environment,numeric,AFR,Africa,Country,NER,Niger,Year,2012,true,Cause,Injuries,ENVCAUSE_ENVCAUSE151,,,,,,,,,,7020,,,,,,7 020,,,EN,2016-03-09T05:00:00.000Z
TOTENV_1,Deaths attributable to the environment,numeric,EUR,Europe,Country,ARM,Armenia,Year,2012,true,Cause,Noncommunicable diseases,ENVCAUSE_ENVCAUSE060,,,,,,,,,,7035,,,,,,7 035,,,EN,2016-03-09T05:00:00.000Z
TOTENV_1,Deaths attributable to the environment,numeric,SEAR,South-East Asia,Country,LKA,Sri Lanka,Year,2012,true,Cause,Injuries,ENVCAUSE_ENVCAUSE151,,,,,,,,,,7050,,,,,,7 050,,,EN,2016-03-09T05:00:00.000Z
TOTENV_1,Deaths attributable to the environment,numeric,AMR,Americas,Country,SLV,El Salvador,Year,2012,true,Cause,Total,ENVCAUSE_ENVCAUSE000,,,,,,,,,,7071,,,,,,7 071,,,EN,2016-03-09T05:00:00.000Z
TOTENV_1,Deaths attributable to the environment,numeric,EUR,Europe,Country,KGZ,Kyrgyzstan,Year,2012,true,Cause,Noncommunicable diseases,ENVCAUSE_ENVCAUSE060,,,,,,,,,,7102,,,,,,7 102,,,EN,2016-03-09T05:00:00.000Z
TOTENV_1,Deaths attributable to the environment,numeric,EUR,Europe,Country,TJK,Tajikistan,Year,2012,true,Cause,Noncommunicable diseases,ENVCAUSE_ENVCAUSE060,,,,,,,,,,7132,,,,,,7 132,,,EN,2016-03-09T05:00:00.000Z
TOTENV_1,Deaths attributable to the environment,numeric,WPR,Western Pacific,Country,LAO,Lao People's Democratic Republic,Year,2012,true,Cause,"Infectious, parasitic, neonatal and nutritional",ENVCAUSE_ENVCAUSE001,,,,,,,,,,7139,,,,,,7 139,,,EN,2016-03-09T05:00:00.000Z
TOTENV_1,Deaths attributable to the environment,numeric,EUR,Europe,Country,HRV,Croatia,Year,2012,true,Cause,Noncommunicable diseases,ENVCAUSE_ENVCAUSE060,,,,,,,,,,7144,,,,,,7 144,,,EN,2016-03-09T05:00:00.000Z
TOTENV_1,Deaths attributable to the environment,numeric,AFR,Africa,Country,ZMB,Zambia,Year,2012,true,Cause,Injuries,ENVCAUSE_ENVCAUSE151,,,,,,,,,,7156,,,,,,7 156,,,EN,2016-03-09T05:00:00.000Z
TOTENV_1,Deaths attributable to the environment,numeric,AMR,Americas,Country,HND,Honduras,Year,2012,true,Cause,Total,ENVCAUSE_ENVCAUSE000,,,,,,,,,,7173,,,,,,7 173,,,EN,2016-03-09T05:00:00.000Z
TOTENV_1,Deaths attributable to the environment,numeric,EUR,Europe,Country,CHE,Switzerland,Year,2012,true,Cause,Total,ENVCAUSE_ENVCAUSE000,,,,,,,,,,7226,,,,,,7 226,,,EN,2016-03-09T05:00:00.000Z
TOTENV_1,Deaths attributable to the environment,numeric,EMR,Eastern Mediterranean,Country,EGY,Egypt,Year,2012,true,Cause,"Infectious, parasitic, neonatal and nutritional",ENVCAUSE_ENVCAUSE001,,,,,,,,,,7283,,,,,,7 283,,,EN,2016-03-09T05:00:00.000Z
TOTENV_1,Deaths attributable to the environment,numeric,AFR,Africa,Country,BFA,Burkina Faso,Year,2012,true,Cause,Injuries,ENVCAUSE_ENVCAUSE151,,,,,,,,,,7291,,,,,,7 291,,,EN,2016-03-09T05:00:00.000Z
TOTENV_1,Deaths attributable to the environment,numeric,AFR,Africa,Country,GHA,Ghana,Year,2012,true,Cause,Injuries,ENVCAUSE_ENVCAUSE151,,,,,,,,,,7306,,,,,,7 306,,,EN,2016-03-09T05:00:00.000Z
TOTENV_1,Deaths attributable to the environment,numeric,EUR,Europe,Country,TUR,Türkiye,Year,2012,true,Cause,Injuries,ENVCAUSE_ENVCAUSE151,,,,,,,,,,7343,,,,,,7 343,,,EN,2016-03-09T05:00:00.000Z
TOTENV_1,Deaths attributable to the environment,numeric,AFR,Africa,Country,MDG,Madagascar,Year,2012,true,Cause,Injuries,ENVCAUSE_ENVCAUSE151,,,,,,,,,,7438,,,,,,7 438,,,EN,2016-03-09T05:00:00.000Z
TOTENV_1,Deaths attributable to the environment,numeric,EUR,Europe,Country,SWE,Sweden,Year,2012,true,Cause,Noncommunicable diseases,ENVCAUSE_ENVCAUSE060,,,,,,,,,,7473,,,,,,7 473,,,EN,2016-03-09T05:00:00.000Z
TOTENV_1,Deaths attributable to the environment,numeric,AMR,Americas,Country,ECU,Ecuador,Year,2012,true,Cause,Noncommunicable diseases,ENVCAUSE_ENVCAUSE060,,,,,,,,,,7522,,,,,,7 522,,,EN,2016-03-09T05:00:00.000Z
TOTENV_1,Deaths attributable to the environment,numeric,EUR,Europe,Country,SVK,Slovakia,Year,2012,true,Cause,Noncommunicable diseases,ENVCAUSE_ENVCAUSE060,,,,,,,,,,7558,,,,,,7 558,,,EN,2016-03-09T05:00:00.000Z
TOTENV_1,Deaths attributable to the environment,numeric,EUR,Europe,Country,ARM,Armenia,Year,2012,true,Cause,Total,ENVCAUSE_ENVCAUSE000,,,,,,,,,,7707,,,,,,7 707,,,EN,2016-03-09T05:00:00.000Z
TOTENV_1,Deaths attributable to the environment,numeric,AFR,Africa,Country,GIN,Guinea,Year,2012,true,Cause,Noncommunicable diseases,ENVCAUSE_ENVCAUSE060,,,,,,,,,,7712,,,,,,7 712,,,EN,2016-03-09T05:00:00.000Z
TOTENV_1,Deaths attributable to the environment,numeric,AFR,Africa,Country,ZWE,Zimbabwe,Year,2012,true,Cause,Noncommunicable diseases,ENVCAUSE_ENVCAUSE060,,,,,,,,,,7767,,,,,,7 767,,,EN,2016-03-09T05:00:00.000Z
TOTENV_1,Deaths attributable to the environment,numeric,AMR,Americas,Country,HTI,Haiti,Year,2012,true,Cause,"Infectious, parasitic, neonatal and nutritional",ENVCAUSE_ENVCAUSE001,,,,,,,,,,7780,,,,,,7 780,,,EN,2016-03-09T05:00:00.000Z
TOTENV_1,Deaths attributable to the environment,numeric,EUR,Europe,Country,MDA,Republic of Moldova,Year,2012,true,Cause,Noncommunicable diseases,ENVCAUSE_ENVCAUSE060,,,,,,,,,,7797,,,,,,7 797,,,EN,2016-03-09T05:00:00.000Z
TOTENV_1,Deaths attributable to the environment,numeric,EUR,Europe,Country,HRV,Croatia,Year,2012,true,Cause,Total,ENVCAUSE_ENVCAUSE000,,,,,,,,,,7799,,,,,,7 799,,,EN,2016-03-09T05:00:00.000Z
TOTENV_1,Deaths attributable to the environment,numeric,AFR,Africa,Country,DZA,Algeria,Year,2012,true,Cause,Injuries,ENVCAUSE_ENVCAUSE151,,,,,,,,,,7999,,,,,,7 999,,,EN,2016-03-09T05:00:00.000Z
TOTENV_1,Deaths attributable to the environment,numeric,SEAR,South-East Asia,Country,PRK,Democratic People's Republic of Korea,Year,2012,true,Cause,Total,ENVCAUSE_ENVCAUSE000,,,,,,,,,,70446,,,,,,70 446,,,EN,2016-03-09T05:00:00.000Z
TOTENV_1,Deaths attributable to the environment,numeric,AFR,Africa,Country,MOZ,Mozambique,Year,2012,true,Cause,Total,ENVCAUSE_ENVCAUSE000,,,,,,,,,,70492,,,,,,70 492,,,EN,2016-03-09T05:00:00.000Z
TOTENV_1,Deaths attributable to the environment,numeric,EUR,Europe,Country,FIN,Finland,Year,2012,true,Cause,Injuries,ENVCAUSE_ENVCAUSE151,,,,,,,,,,709,,,,,,709,,,EN,2016-03-09T05:00:00.000Z
TOTENV_1,Deaths attributable to the environment,numeric,EUR,Europe,Country,CYP,Cyprus,Year,2012,true,Cause,Noncommunicable diseases,ENVCAUSE_ENVCAUSE060,,,,,,,,,,716,,,,,,716,,,EN,2016-03-09T05:00:00.000Z
TOTENV_1,Deaths attributable to the environment,numeric,AFR,Africa,Country,GAB,Gabon,Year,2012,true,Cause,Noncommunicable diseases,ENVCAUSE_ENVCAUSE060,,,,,,,,,,716,,,,,,716,,,EN,2016-03-09T05:00:00.000Z
TOTENV_1,Deaths attributable to the environment,numeric,AMR,Americas,Country,PAN,Panama,Year,2012,true,Cause,Injuries,ENVCAUSE_ENVCAUSE151,,,,,,,,,,718,,,,,,718,,,EN,2016-03-09T05:00:00.000Z
TOTENV_1,Deaths attributable to the environment,numeric,WPR,Western Pacific,Country,FJI,Fiji,Year,2012,true,Cause,"Infectious, parasitic, neonatal and nutritional",ENVCAUSE_ENVCAUSE001,,,,,,,,,,72,,,,,,72,,,EN,2016-03-09T05:00:00.000Z
TOTENV_1,Deaths attributable to the environment,numeric,AFR,Africa,Country,GNB,Guinea-Bissau,Year,2012,true,Cause,Injuries,ENVCAUSE_ENVCAUSE151,,,,,,,,,,721,,,,,,721,,,EN,2016-03-09T05:00:00.000Z
TOTENV_1,Deaths attributable to the environment,numeric,AFR,Africa,Country,MUS,Mauritius,Year,2012,true,Cause,Noncommunicable diseases,ENVCAUSE_ENVCAUSE060,,,,,,,,,,722,,,,,,722,,,EN,2016-03-09T05:00:00.000Z
TOTENV_1,Deaths attributable to the environment,numeric,EMR,Eastern Mediterranean,Country,SAU,Saudi Arabia,Year,2012,true,Cause,"Infectious, parasitic, neonatal and nutritional",ENVCAUSE_ENVCAUSE001,,,,,,,,,,725,,,,,,725,,,EN,2016-03-09T05:00:00.000Z
TOTENV_1,Deaths attributable to the environment,numeric,AFR,Africa,Country,CPV,Cabo Verde,Year,2012,true,Cause,"Infectious, parasitic, neonatal and nutritional",ENVCAUSE_ENVCAUSE001,,,,,,,,,,73,,,,,,73,,,EN,2016-03-09T05:00:00.000Z
TOTENV_1,Deaths attributable to the environment,numeric,AFR,Africa,Country,COM,Comoros,Year,2012,true,Cause,"Infectious, parasitic, neonatal and nutritional",ENVCAUSE_ENVCAUSE001,,,,,,,,,,732,,,,,,732,,,EN,2016-03-09T05:00:00.000Z
TOTENV_1,Deaths attributable to the environment,numeric,AMR,Americas,Country,ATG,Antigua and Barbuda,Year,2012,true,Cause,Total,ENVCAUSE_ENVCAUSE000,,,,,,,,,,74,,,,,,74,,,EN,2016-03-09T05:00:00.000Z
TOTENV_1,Deaths attributable to the environment,numeric,EMR,Eastern Mediterranean,Country,KWT,Kuwait,Year,2012,true,Cause,"Infectious, parasitic, neonatal and nutritional",ENVCAUSE_ENVCAUSE001,,,,,,,,,,74,,,,,,74,,,EN,2016-03-09T05:00:00.000Z
TOTENV_1,Deaths attributable to the environment,numeric,AFR,Africa,Country,STP,Sao Tome and Principe,Year,2012,true,Cause,Noncommunicable diseases,ENVCAUSE_ENVCAUSE060,,,,,,,,,,74,,,,,,74,,,EN,2016-03-09T05:00:00.000Z
TOTENV_1,Deaths attributable to the environment,numeric,EUR,Europe,Country,ITA,Italy,Year,2012,true,Cause,Total,ENVCAUSE_ENVCAUSE000,,,,,,,,,,75439,,,,,,75 439,,,EN,2016-03-09T05:00:00.000Z
TOTENV_1,Deaths attributable to the environment,numeric,EUR,Europe,Country,TUR,Türkiye,Year,2012,true,Cause,Total,ENVCAUSE_ENVCAUSE000,,,,,,,,,,75520,,,,,,75 520,,,EN,2016-03-09T05:00:00.000Z
TOTENV_1,Deaths attributable to the environment,numeric,EUR,Europe,Country,ROU,Romania,Year,2012,true,Cause,"Infectious, parasitic, neonatal and nutritional",ENVCAUSE_ENVCAUSE001,,,,,,,,,,750,,,,,,750,,,EN,2016-03-09T05:00:00.000Z
TOTENV_1,Deaths attributable to the environment,numeric,EMR,Eastern Mediterranean,Country,ARE,United Arab Emirates,Year,2012,true,Cause,Injuries,ENVCAUSE_ENVCAUSE151,,,,,,,,,,753,,,,,,753,,,EN,2016-03-09T05:00:00.000Z
TOTENV_1,Deaths attributable to the environment,numeric,EUR,Europe,Country,CHE,Switzerland,Year,2012,true,Cause,Injuries,ENVCAUSE_ENVCAUSE151,,,,,,,,,,760,,,,,,760,,,EN,2016-03-09T05:00:00.000Z
TOTENV_1,Deaths attributable to the environment,numeric,AFR,Africa,Country,MUS,Mauritius,Year,2012,true,Cause,"Infectious, parasitic, neonatal and nutritional",ENVCAUSE_ENVCAUSE001,,,,,,,,,,77,,,,,,77,,,EN,2016-03-09T05:00:00.000Z
TOTENV_1,Deaths attributable to the environment,numeric,AMR,Americas,Country,CRI,Costa Rica,Year,2012,true,Cause,Injuries,ENVCAUSE_ENVCAUSE151,,,,,,,,,,770,,,,,,770,,,EN,2016-03-09T05:00:00.000Z
TOTENV_1,Deaths attributable to the environment,numeric,EUR,Europe,Country,ALB,Albania,Year,2012,true,Cause,"Infectious, parasitic, neonatal and nutritional",ENVCAUSE_ENVCAUSE001,,,,,,,,,,78,,,,,,78,,,EN,2016-03-09T05:00:00.000Z
TOTENV_1,Deaths attributable to the environment,numeric,AFR,Africa,Country,AGO,Angola,Year,2012,true,Cause,Total,ENVCAUSE_ENVCAUSE000,,,,,,,,,,78536,,,,,,78 536,,,EN,2016-03-09T05:00:00.000Z
TOTENV_1,Deaths attributable to the environment,numeric,WPR,Western Pacific,Country,SGP,Singapore,Year,2012,true,Cause,"Infectious, parasitic, neonatal and nutritional",ENVCAUSE_ENVCAUSE001,,,,,,,,,,79,,,,,,79,,,EN,2016-03-09T05:00:00.000Z
TOTENV_1,Deaths attributable to the environment,numeric,EUR,Europe,Country,CHE,Switzerland,Year,2012,true,Cause,"Infectious, parasitic, neonatal and nutritional",ENVCAUSE_ENVCAUSE001,,,,,,,,,,79,,,,,,79,,,EN,2016-03-09T05:00:00.000Z
TOTENV_1,Deaths attributable to the environment,numeric,WPR,Western Pacific,Country,PLW,Palau,Year,2012,true,Cause,Noncommunicable diseases,ENVCAUSE_ENVCAUSE060,,,,,,,,,,8,,,,,,8,,,EN,2016-03-09T05:00:00.000Z
TOTENV_1,Deaths attributable to the environment,numeric,EUR,Europe,Country,SVK,Slovakia,Year,2012,true,Cause,Total,ENVCAUSE_ENVCAUSE000,,,,,,,,,,8234,,,,,,8 234,,,EN,2016-03-09T05:00:00.000Z
TOTENV_1,Deaths attributable to the environment,numeric,AFR,Africa,Country,LBR,Liberia,Year,2012,true,Cause,Total,ENVCAUSE_ENVCAUSE000,,,,,,,,,,8272,,,,,,8 272,,,EN,2016-03-09T05:00:00.000Z
TOTENV_1,Deaths attributable to the environment,numeric,AMR,Americas,Country,ARG,Argentina,Year,2012,true,Cause,Injuries,ENVCAUSE_ENVCAUSE151,,,,,,,,,,8316,,,,,,8 316,,,EN,2016-03-09T05:00:00.000Z
TOTENV_1,Deaths attributable to the environment,numeric,SEAR,South-East Asia,Country,NPL,Nepal,Year,2012,true,Cause,Injuries,ENVCAUSE_ENVCAUSE151,,,,,,,,,,8350,,,,,,8 350,,,EN,2016-03-09T05:00:00.000Z
TOTENV_1,Deaths attributable to the environment,numeric,EUR,Europe,Country,AUT,Austria,Year,2012,true,Cause,Noncommunicable diseases,ENVCAUSE_ENVCAUSE060,,,,,,,,,,8605,,,,,,8 605,,,EN,2016-03-09T05:00:00.000Z
TOTENV_1,Deaths attributable to the environment,numeric,EUR,Europe,Country,SWE,Sweden,Year,2012,true,Cause,Total,ENVCAUSE_ENVCAUSE000,,,,,,,,,,8675,,,,,,8 675,,,EN,2016-03-09T05:00:00.000Z
TOTENV_1,Deaths attributable to the environment,numeric,SEAR,South-East Asia,Country,PRK,Democratic People's Republic of Korea,Year,2012,true,Cause,Injuries,ENVCAUSE_ENVCAUSE151,,,,,,,,,,8726,,,,,,8 726,,,EN,2016-03-09T05:00:00.000Z
TOTENV_1,Deaths attributable to the environment,numeric,EMR,Eastern Mediterranean,Country,TUN,Tunisia,Year,2012,true,Cause,Noncommunicable diseases,ENVCAUSE_ENVCAUSE060,,,,,,,,,,8736,,,,,,8 736,,,EN,2016-03-09T05:00:00.000Z
TOTENV_1,Deaths attributable to the environment,numeric,EUR,Europe,Country,KGZ,Kyrgyzstan,Year,2012,true,Cause,Total,ENVCAUSE_ENVCAUSE000,,,,,,,,,,8747,,,,,,8 747,,,EN,2016-03-09T05:00:00.000Z
TOTENV_1,Deaths attributable to the environment,numeric,EUR,Europe,Country,FRA,France,Year,2012,true,Cause,Injuries,ENVCAUSE_ENVCAUSE151,,,,,,,,,,8800,,,,,,8 800,,,EN,2016-03-09T05:00:00.000Z
TOTENV_1,Deaths attributable to the environment,numeric,EUR,Europe,Country,TKM,Turkmenistan,Year,2012,true,Cause,Noncommunicable diseases,ENVCAUSE_ENVCAUSE060,,,,,,,,,,8931,,,,,,8 931,,,EN,2016-03-09T05:00:00.000Z
TOTENV_1,Deaths attributable to the environment,numeric,AMR,Americas,Country,COL,Colombia,Year,2012,true,Cause,Injuries,ENVCAUSE_ENVCAUSE151,,,,,,,,,,8967,,,,,,8 967,,,EN,2016-03-09T05:00:00.000Z
TOTENV_1,Deaths attributable to the environment,numeric,EUR,Europe,Country,MDA,Republic of Moldova,Year,2012,true,Cause,Total,ENVCAUSE_ENVCAUSE000,,,,,,,,,,8973,,,,,,8 973,,,EN,2016-03-09T05:00:00.000Z
TOTENV_1,Deaths attributable to the environment,numeric,EUR,Europe,Country,BIH,Bosnia and Herzegovina,Year,2012,true,Cause,Noncommunicable diseases,ENVCAUSE_ENVCAUSE060,,,,,,,,,,8977,,,,,,8 977,,,EN,2016-03-09T05:00:00.000Z
TOTENV_1,Deaths attributable to the environment,numeric,EMR,Eastern Mediterranean,Country,OMN,Oman,Year,2012,true,Cause,"Infectious, parasitic, neonatal and nutritional",ENVCAUSE_ENVCAUSE001,,,,,,,,,,80,,,,,,80,,,EN,2016-03-09T05:00:00.000Z
TOTENV_1,Deaths attributable to the environment,numeric,AMR,Americas,Country,VCT,Saint Vincent and the Grenadines,Year,2012,true,Cause,Noncommunicable diseases,ENVCAUSE_ENVCAUSE060,,,,,,,,,,80,,,,,,80,,,EN,2016-03-09T05:00:00.000Z
TOTENV_1,Deaths attributable to the environment,numeric,AFR,Africa,Country,KEN,Kenya,Year,2012,true,Cause,Total,ENVCAUSE_ENVCAUSE000,,,,,,,,,,80724,,,,,,80 724,,,EN,2016-03-09T05:00:00.000Z
TOTENV_1,Deaths attributable to the environment,numeric,EUR,Europe,Country,CYP,Cyprus,Year,2012,true,Cause,Total,ENVCAUSE_ENVCAUSE000,,,,,,,,,,818,,,,,,818,,,EN,2016-03-09T05:00:00.000Z
TOTENV_1,Deaths attributable to the environment,numeric,EMR,Eastern Mediterranean,Country,ARE,United Arab Emirates,Year,2012,true,Cause,"Infectious, parasitic, neonatal and nutritional",ENVCAUSE_ENVCAUSE001,,,,,,,,,,82,,,,,,82,,,EN,2016-03-09T05:00:00.000Z
TOTENV_1,Deaths attributable to the environment,numeric,AFR,Africa,Country,ETH,Ethiopia,Year,2012,true,Cause,"Infectious, parasitic, neonatal and nutritional",ENVCAUSE_ENVCAUSE001,,,,,,,,,,82032,,,,,,82 032,,,EN,2016-03-09T05:00:00.000Z
TOTENV_1,Deaths attributable to the environment,numeric,AFR,Africa,Country,UGA,Uganda,Year,2012,true,Cause,Total,ENVCAUSE_ENVCAUSE000,,,,,,,,,,82298,,,,,,82 298,,,EN,2016-03-09T05:00:00.000Z
TOTENV_1,Deaths attributable to the environment,numeric,WPR,Western Pacific,Country,MNG,Mongolia,Year,2012,true,Cause,Injuries,ENVCAUSE_ENVCAUSE151,,,,,,,,,,825,,,,,,825,,,EN,2016-03-09T05:00:00.000Z
TOTENV_1,Deaths attributable to the environment,numeric,EUR,Europe,Country,AZE,Azerbaijan,Year,2012,true,Cause,"Infectious, parasitic, neonatal and nutritional",ENVCAUSE_ENVCAUSE001,,,,,,,,,,826,,,,,,826,,,EN,2016-03-09T05:00:00.000Z
TOTENV_1,Deaths attributable to the environment,numeric,AMR,Americas,Country,GRD,Grenada,Year,2012,true,Cause,Noncommunicable diseases,ENVCAUSE_ENVCAUSE060,,,,,,,,,,83,,,,,,83,,,EN,2016-03-09T05:00:00.000Z
TOTENV_1,Deaths attributable to the environment,numeric,AMR,Americas,Country,MEX,Mexico,Year,2012,true,Cause,Total,ENVCAUSE_ENVCAUSE000,,,,,,,,,,83582,,,,,,83 582,,,EN,2016-03-09T05:00:00.000Z
TOTENV_1,Deaths attributable to the environment,numeric,EUR,Europe,Country,PRT,Portugal,Year,2012,true,Cause,Injuries,ENVCAUSE_ENVCAUSE151,,,,,,,,,,834,,,,,,834,,,EN,2016-03-09T05:00:00.000Z
TOTENV_1,Deaths attributable to the environment,numeric,EMR,Eastern Mediterranean,Country,EGY,Egypt,Year,2012,true,Cause,Noncommunicable diseases,ENVCAUSE_ENVCAUSE060,,,,,,,,,,84308,,,,,,84 308,,,EN,2016-03-09T05:00:00.000Z
TOTENV_1,Deaths attributable to the environment,numeric,WPR,Western Pacific,Country,PHL,Philippines,Year,2012,true,Cause,Noncommunicable diseases,ENVCAUSE_ENVCAUSE060,,,,,,,,,,84891,,,,,,84 891,,,EN,2016-03-09T05:00:00.000Z
TOTENV_1,Deaths attributable to the environment,numeric,AFR,Africa,Country,SYC,Seychelles,Year,2012,true,Cause,Total,ENVCAUSE_ENVCAUSE000,,,,,,,,,,86,,,,,,86,,,EN,2016-03-09T05:00:00.000Z
TOTENV_1,Deaths attributable to the environment,numeric,EUR,Europe,Country,SRB,Serbia,Year,2012,true,Cause,Injuries,ENVCAUSE_ENVCAUSE151,,,,,,,,,,860,,,,,,860,,,EN,2016-03-09T05:00:00.000Z
TOTENV_1,Deaths attributable to the environment,numeric,AFR,Africa,Country,NGA,Nigeria,Year,2012,true,Cause,Noncommunicable diseases,ENVCAUSE_ENVCAUSE060,,,,,,,,,,87248,,,,,,87 248,,,EN,2016-03-09T05:00:00.000Z
TOTENV_1,Deaths attributable to the environment,numeric,EMR,Eastern Mediterranean,Country,IRN,Iran (Islamic Republic of),Year,2012,true,Cause,Total,ENVCAUSE_ENVCAUSE000,,,,,,,,,,87302,,,,,,87 302,,,EN,2016-03-09T05:00:00.000Z
TOTENV_1,Deaths attributable to the environment,numeric,EUR,Europe,Country,NOR,Norway,Year,2012,true,Cause,"Infectious, parasitic, neonatal and nutritional",ENVCAUSE_ENVCAUSE001,,,,,,,,,,89,,,,,,89,,,EN,2016-03-09T05:00:00.000Z
TOTENV_1,Deaths attributable to the environment,numeric,EUR,Europe,Country,AUT,Austria,Year,2012,true,Cause,Injuries,ENVCAUSE_ENVCAUSE151,,,,,,,,,,897,,,,,,897,,,EN,2016-03-09T05:00:00.000Z
TOTENV_1,Deaths attributable to the environment,numeric,AMR,Americas,Country,DOM,Dominican Republic,Year,2012,true,Cause,"Infectious, parasitic, neonatal and nutritional",ENVCAUSE_ENVCAUSE001,,,,,,,,,,897,,,,,,897,,,EN,2016-03-09T05:00:00.000Z
TOTENV_1,Deaths attributable to the environment,numeric,EUR,Europe,Country,CYP,Cyprus,Year,2012,true,Cause,"Infectious, parasitic, neonatal and nutritional",ENVCAUSE_ENVCAUSE001,,,,,,,,,,9,,,,,,9,,,EN,2016-03-09T05:00:00.000Z
TOTENV_1,Deaths attributable to the environment,numeric,WPR,Western Pacific,Country,MHL,Marshall Islands,Year,2012,true,Cause,Injuries,ENVCAUSE_ENVCAUSE151,,,,,,,,,,9,,,,,,9,,,EN,2016-03-09T05:00:00.000Z
TOTENV_1,Deaths attributable to the environment,numeric,AMR,Americas,Country,KNA,Saint Kitts and Nevis,Year,2012,true,Cause,Injuries,ENVCAUSE_ENVCAUSE151,,,,,,,,,,9,,,,,,9,,,EN,2016-03-09T05:00:00.000Z
TOTENV_1,Deaths attributable to the environment,numeric,AFR,Africa,Country,TGO,Togo,Year,2012,true,Cause,"Infectious, parasitic, neonatal and nutritional",ENVCAUSE_ENVCAUSE001,,,,,,,,,,9134,,,,,,9 134,,,EN,2016-03-09T05:00:00.000Z
TOTENV_1,Deaths attributable to the environment,numeric,AFR,Africa,Country,NER,Niger,Year,2012,true,Cause,Noncommunicable diseases,ENVCAUSE_ENVCAUSE060,,,,,,,,,,9144,,,,,,9 144,,,EN,2016-03-09T05:00:00.000Z
TOTENV_1,Deaths attributable to the environment,numeric,AFR,Africa,Country,RWA,Rwanda,Year,2012,true,Cause,"Infectious, parasitic, neonatal and nutritional",ENVCAUSE_ENVCAUSE001,,,,,,,,,,9148,,,,,,9 148,,,EN,2016-03-09T05:00:00.000Z
TOTENV_1,Deaths attributable to the environment,numeric,AFR,Africa,Country,MWI,Malawi,Year,2012,true,Cause,Noncommunicable diseases,ENVCAUSE_ENVCAUSE060,,,,,,,,,,9165,,,,,,9 165,,,EN,2016-03-09T05:00:00.000Z
TOTENV_1,Deaths attributable to the environment,numeric,EMR,Eastern Mediterranean,Country,IRQ,Iraq,Year,2012,true,Cause,Injuries,ENVCAUSE_ENVCAUSE151,,,,,,,,,,9167,,,,,,9 167,,,EN,2016-03-09T05:00:00.000Z
TOTENV_1,Deaths attributable to the environment,numeric,AMR,Americas,Country,VEN,Venezuela (Bolivarian Republic of),Year,2012,true,Cause,Injuries,ENVCAUSE_ENVCAUSE151,,,,,,,,,,9226,,,,,,9 226,,,EN,2016-03-09T05:00:00.000Z
TOTENV_1,Deaths attributable to the environment,numeric,AMR,Americas,Country,CHL,Chile,Year,2012,true,Cause,Noncommunicable diseases,ENVCAUSE_ENVCAUSE060,,,,,,,,,,9337,,,,,,9 337,,,EN,2016-03-09T05:00:00.000Z
TOTENV_1,Deaths attributable to the environment,numeric,AMR,Americas,Country,DOM,Dominican Republic,Year,2012,true,Cause,Total,ENVCAUSE_ENVCAUSE000,,,,,,,,,,9361,,,,,,9 361,,,EN,2016-03-09T05:00:00.000Z
TOTENV_1,Deaths attributable to the environment,numeric,AFR,Africa,Country,CMR,Cameroon,Year,2012,true,Cause,Injuries,ENVCAUSE_ENVCAUSE151,,,,,,,,,,9489,,,,,,9 489,,,EN,2016-03-09T05:00:00.000Z
TOTENV_1,Deaths attributable to the environment,numeric,EUR,Europe,Country,AUT,Austria,Year,2012,true,Cause,Total,ENVCAUSE_ENVCAUSE000,,,,,,,,,,9552,,,,,,9 552,,,EN,2016-03-09T05:00:00.000Z
TOTENV_1,Deaths attributable to the environment,numeric,EUR,Europe,Country,BIH,Bosnia and Herzegovina,Year,2012,true,Cause,Total,ENVCAUSE_ENVCAUSE000,,,,,,,,,,9681,,,,,,9 681,,,EN,2016-03-09T05:00:00.000Z
TOTENV_1,Deaths attributable to the environment,numeric,EUR,Europe,Country,PRT,Portugal,Year,2012,true,Cause,Noncommunicable diseases,ENVCAUSE_ENVCAUSE060,,,,,,,,,,9683,,,,,,9 683,,,EN,2016-03-09T05:00:00.000Z
TOTENV_1,Deaths attributable to the environment,numeric,AFR,Africa,Country,ERI,Eritrea,Year,2012,true,Cause,Total,ENVCAUSE_ENVCAUSE000,,,,,,,,,,9818,,,,,,9 818,,,EN,2016-03-09T05:00:00.000Z
TOTENV_1,Deaths attributable to the environment,numeric,SEAR,South-East Asia,Country,NPL,Nepal,Year,2012,true,Cause,"Infectious, parasitic, neonatal and nutritional",ENVCAUSE_ENVCAUSE001,,,,,,,,,,9829,,,,,,9 829,,,EN,2016-03-09T05:00:00.000Z
TOTENV_1,Deaths attributable to the environment,numeric,EMR,Eastern Mediterranean,Country,YEM,Yemen,Year,2012,true,Cause,"Infectious, parasitic, neonatal and nutritional",ENVCAUSE_ENVCAUSE001,,,,,,,,,,9940,,,,,,9 940,,,EN,2016-03-09T05:00:00.000Z
TOTENV_1,Deaths attributable to the environment,numeric,EUR,Europe,Country,HUN,Hungary,Year,2012,true,Cause,"Infectious, parasitic, neonatal and nutritional",ENVCAUSE_ENVCAUSE001,,,,,,,,,,90,,,,,,90,,,EN,2016-03-09T05:00:00.000Z
TOTENV_1,Deaths attributable to the environment,numeric,AFR,Africa,Country,TZA,United Republic of Tanzania,Year,2012,true,Cause,Total,ENVCAUSE_ENVCAUSE000,,,,,,,,,,90210,,,,,,90 210,,,EN,2016-03-09T05:00:00.000Z
TOTENV_1,Deaths attributable to the environment,numeric,EUR,Europe,Country,DEU,Germany,Year,2012,true,Cause,Noncommunicable diseases,ENVCAUSE_ENVCAUSE060,,,,,,,,,,90544,,,,,,90 544,,,EN,2016-03-09T05:00:00.000Z
TOTENV_1,Deaths attributable to the environment,numeric,EMR,Eastern Mediterranean,Country,KWT,Kuwait,Year,2012,true,Cause,Noncommunicable diseases,ENVCAUSE_ENVCAUSE060,,,,,,,,,,900,,,,,,900,,,EN,2016-03-09T05:00:00.000Z
TOTENV_1,Deaths attributable to the environment,numeric,AMR,Americas,Country,BLZ,Belize,Year,2012,true,Cause,Noncommunicable diseases,ENVCAUSE_ENVCAUSE060,,,,,,,,,,91,,,,,,91,,,EN,2016-03-09T05:00:00.000Z
TOTENV_1,Deaths attributable to the environment,numeric,AFR,Africa,Country,CPV,Cabo Verde,Year,2012,true,Cause,Injuries,ENVCAUSE_ENVCAUSE151,,,,,,,,,,91,,,,,,91,,,EN,2016-03-09T05:00:00.000Z
TOTENV_1,Deaths attributable to the environment,numeric,AFR,Africa,Country,GMB,Gambia,Year,2012,true,Cause,Noncommunicable diseases,ENVCAUSE_ENVCAUSE060,,,,,,,,,,911,,,,,,911,,,EN,2016-03-09T05:00:00.000Z
TOTENV_1,Deaths attributable to the environment,numeric,WPR,Western Pacific,Country,FJI,Fiji,Year,2012,true,Cause,Total,ENVCAUSE_ENVCAUSE000,,,,,,,,,,918,,,,,,918,,,EN,2016-03-09T05:00:00.000Z
TOTENV_1,Deaths attributable to the environment,numeric,EUR,Europe,Country,DNK,Denmark,Year,2012,true,Cause,"Infectious, parasitic, neonatal and nutritional",ENVCAUSE_ENVCAUSE001,,,,,,,,,,92,,,,,,92,,,EN,2016-03-09T05:00:00.000Z
TOTENV_1,Deaths attributable to the environment,numeric,WPR,Western Pacific,Country,FSM,Micronesia (Federated States of),Year,2012,true,Cause,Total,ENVCAUSE_ENVCAUSE000,,,,,,,,,,92,,,,,,92,,,EN,2016-03-09T05:00:00.000Z
TOTENV_1,Deaths attributable to the environment,numeric,WPR,Western Pacific,Country,TON,Tonga,Year,2012,true,Cause,Total,ENVCAUSE_ENVCAUSE000,,,,,,,,,,92,,,,,,92,,,EN,2016-03-09T05:00:00.000Z
TOTENV_1,Deaths attributable to the environment,numeric,EUR,Europe,Country,BGR,Bulgaria,Year,2012,true,Cause,Injuries,ENVCAUSE_ENVCAUSE151,,,,,,,,,,923,,,,,,923,,,EN,2016-03-09T05:00:00.000Z
TOTENV_1,Deaths attributable to the environment,numeric,EUR,Europe,Country,CYP,Cyprus,Year,2012,true,Cause,Injuries,ENVCAUSE_ENVCAUSE151,,,,,,,,,,93,,,,,,93,,,EN,2016-03-09T05:00:00.000Z
TOTENV_1,Deaths attributable to the environment,numeric,SEAR,South-East Asia,Country,THA,Thailand,Year,2012,true,Cause,Total,ENVCAUSE_ENVCAUSE000,,,,,,,,,,93823,,,,,,93 823,,,EN,2016-03-09T05:00:00.000Z
TOTENV_1,Deaths attributable to the environment,numeric,EMR,Eastern Mediterranean,Country,BHR,Bahrain,Year,2012,true,Cause,Injuries,ENVCAUSE_ENVCAUSE151,,,,,,,,,,94,,,,,,94,,,EN,2016-03-09T05:00:00.000Z
TOTENV_1,Deaths attributable to the environment,numeric,EMR,Eastern Mediterranean,Country,LBN,Lebanon,Year,2012,true,Cause,"Infectious, parasitic, neonatal and nutritional",ENVCAUSE_ENVCAUSE001,,,,,,,,,,94,,,,,,94,,,EN,2016-03-09T05:00:00.000Z
TOTENV_1,Deaths attributable to the environment,numeric,WPR,Western Pacific,Country,VNM,Viet Nam,Year,2012,true,Cause,Noncommunicable diseases,ENVCAUSE_ENVCAUSE060,,,,,,,,,,94987,,,,,,94 987,,,EN,2016-03-09T05:00:00.000Z
TOTENV_1,Deaths attributable to the environment,numeric,AFR,Africa,Country,BWA,Botswana,Year,2012,true,Cause,Noncommunicable diseases,ENVCAUSE_ENVCAUSE060,,,,,,,,,,944,,,,,,944,,,EN,2016-03-09T05:00:00.000Z
TOTENV_1,Deaths attributable to the environment,numeric,EUR,Europe,Country,TKM,Turkmenistan,Year,2012,true,Cause,"Infectious, parasitic, neonatal and nutritional",ENVCAUSE_ENVCAUSE001,,,,,,,,,,956,,,,,,956,,,EN,2016-03-09T05:00:00.000Z
TOTENV_1,Deaths attributable to the environment,numeric,EUR,Europe,Country,SWE,Sweden,Year,2012,true,Cause,Injuries,ENVCAUSE_ENVCAUSE151,,,,,,,,,,965,,,,,,965,,,EN,2016-03-09T05:00:00.000Z
TOTENV_1,Deaths attributable to the environment,numeric,EMR,Eastern Mediterranean,Country,OMN,Oman,Year,2012,true,Cause,Noncommunicable diseases,ENVCAUSE_ENVCAUSE060,,,,,,,,,,969,,,,,,969,,,EN,2016-03-09T05:00:00.000Z
TOTENV_1,Deaths attributable to the environment,numeric,AFR,Africa,Country,ZAF,South Africa,Year,2012,true,Cause,Total,ENVCAUSE_ENVCAUSE000,,,,,,,,,,97408,,,,,,97 408,,,EN,2016-03-09T05:00:00.000Z
TOTENV_1,Deaths attributable to the environment,numeric,AMR,Americas,Country,ECU,Ecuador,Year,2012,true,Cause,"Infectious, parasitic, neonatal and nutritional",ENVCAUSE_ENVCAUSE001,,,,,,,,,,973,,,,,,973,,,EN,2016-03-09T05:00:00.000Z
TOTENV_1,Deaths attributable to the environment,numeric,AFR,Africa,Country,NGA,Nigeria,Year,2012,true,Cause,Injuries,ENVCAUSE_ENVCAUSE151,,,,,,,,,,98218,,,,,,98 218,,,EN,2016-03-09T05:00:00.000Z
TOTENV_1,Deaths attributable to the environment,numeric,EUR,Europe,Country,DEU,Germany,Year,2012,true,Cause,Total,ENVCAUSE_ENVCAUSE000,,,,,,,,,,98870,,,,,,98 870,,,EN,2016-03-09T05:00:00.000Z
TOTENV_1,Deaths attributable to the environment,numeric,EUR,Europe,Country,KAZ,Kazakhstan,Year,2012,true,Cause,"Infectious, parasitic, neonatal and nutritional",ENVCAUSE_ENVCAUSE001,,,,,,,,,,981,,,,,,981,,,EN,2016-03-09T05:00:00.000Z
TOTENV_1,Deaths attributable to the environment,numeric,AMR,Americas,Country,TTO,Trinidad and Tobago,Year,2012,true,Cause,Noncommunicable diseases,ENVCAUSE_ENVCAUSE060,,,,,,,,,,986,,,,,,986,,,EN,2016-03-09T05:00:00.000Z
TOTENV_1,Deaths attributable to the environment,numeric,WPR,Western Pacific,Country,WSM,Samoa,Year,2012,true,Cause,Noncommunicable diseases,ENVCAUSE_ENVCAUSE060,,,,,,,,,,99,,,,,,99,,,EN,2016-03-09T05:00:00.000Z
TOTENV_1,Deaths attributable to the environment,numeric,AFR,Africa,Country,NAM,Namibia,Year,2012,true,Cause,"Infectious, parasitic, neonatal and nutritional",ENVCAUSE_ENVCAUSE001,,,,,,,,,,991,,,,,,991,,,EN,2016-03-09T05:00:00.000Z
TOTENV_1,Deaths attributable to the environment,numeric,EUR,Europe,Country,AZE,Azerbaijan,Year,2012,true,Cause,Injuries,ENVCAUSE_ENVCAUSE151,,,,,,,,,,993,,,,,,993,,,EN,2016-03-09T05:00:00.000Z
